tag,method,N,L,M,rc,periodic,seed,run,seconds,build_seconds,sweep_seconds,grid_bytes,grid_live_blocks,pair_tests
N200,cim,200,20,13,1,0,42,0,4.6542e-05,9.125e-06,3.5e-05,4928,125,1020
N200,cim,200,20,13,1,0,42,1,2.6458e-05,4.292e-06,2.0167e-05,4928,125,1020
N200,cim,200,20,13,1,0,42,2,2.0583e-05,3.416e-06,1.6042e-05,4928,125,1020
N200,cim,200,20,13,1,0,42,3,1.7791e-05,3.208e-06,1.35e-05,4928,125,1020
N200,cim,200,20,13,1,0,42,4,1.6709e-05,3.25e-06,1.2458e-05,4928,125,1020
N200,cim,200,20,13,1,0,42,5,1.625e-05,3.25e-06,1.1875e-05,4928,125,1020
N200,cim,200,20,13,1,0,42,6,1.5375e-05,3.166e-06,1.1167e-05,4928,125,1020
N200,cim,200,20,13,1,0,42,7,1.5125e-05,3.083e-06,1.1e-05,4928,125,1020
N200,cim,200,20,13,1,0,42,8,1.5166e-05,3.167e-06,1.0958e-05,4928,125,1020
N200,cim,200,20,13,1,0,42,9,1.5167e-05,3.166e-06,1.1e-05,4928,125,1020
N200,cim,200,20,13,1,0,42,10,1.5166e-05,3.209e-06,1.0958e-05,4928,125,1020
N200,cim,200,20,13,1,0,42,11,1.5208e-05,3.208e-06,1.0958e-05,4928,125,1020
N200,cim,200,20,13,1,0,42,12,1.5083e-05,3.125e-06,1.0959e-05,4928,125,1020
N200,cim,200,20,13,1,0,42,13,1.5083e-05,3.166e-06,1.0917e-05,4928,125,1020
N200,cim,200,20,13,1,0,42,14,1.5125e-05,3.166e-06,1.0958e-05,4928,125,1020
N200,cim,200,20,13,1,0,42,15,1.5125e-05,3.167e-06,1.0958e-05,4928,125,1020
N200,cim,200,20,13,1,0,42,16,1.5125e-05,3.125e-06,1.1e-05,4928,125,1020
N200,cim,200,20,13,1,0,42,17,1.525e-05,3.125e-06,1.1125e-05,4928,125,1020
N200,cim,200,20,13,1,0,42,18,1.525e-05,3.125e-06,1.1167e-05,4928,125,1020
N200,cim,200,20,13,1,0,42,19,1.5375e-05,3.208e-06,1.1167e-05,4928,125,1020
N200,cim,200,20,13,1,0,42,20,1.5083e-05,3.083e-06,1.1e-05,4928,125,1020
N200,cim,200,20,13,1,0,42,21,1.5208e-05,3.083e-06,1.1125e-05,4928,125,1020
N200,cim,200,20,13,1,0,42,22,1.5e-05,3.083e-06,1.0958e-05,4928,125,1020
N200,cim,200,20,13,1,0,42,23,1.5083e-05,3.084e-06,1.1e-05,4928,125,1020
N200,cim,200,20,13,1,0,42,24,1.5042e-05,3.083e-06,1.1e-05,4928,125,1020
N200,cim,200,20,13,1,0,42,25,1.5291e-05,3.125e-06,1.1125e-05,4928,125,1020
N200,cim,200,20,13,1,0,42,26,1.5292e-05,3.083e-06,1.1208e-05,4928,125,1020
N200,cim,200,20,13,1,0,42,27,1.5291e-05,3.167e-06,1.1e-05,4928,125,1020
N200,cim,200,20,13,1,0,42,28,1.525e-05,3.084e-06,1.1166e-05,4928,125,1020
N200,cim,200,20,13,1,0,42,29,1.5416e-05,3.125e-06,1.1292e-05,4928,125,1020
N200,cim,200,20,13,1,0,42,30,1.5333e-05,3.375e-06,1.0958e-05,4928,125,1020
N200,cim,200,20,13,1,0,42,31,1.5458e-05,3.291e-06,1.1084e-05,4928,125,1020
N200,cim,200,20,13,1,0,42,32,1.5334e-05,3.166e-06,1.1125e-05,4928,125,1020
N200,cim,200,20,13,1,0,42,33,1.525e-05,3.167e-06,1.1e-05,4928,125,1020
N200,cim,200,20,13,1,0,42,34,1.5167e-05,3.166e-06,1.0959e-05,4928,125,1020
N200,cim,200,20,13,1,0,42,35,1.5041e-05,3.084e-06,1.0958e-05,4928,125,1020
N200,cim,200,20,13,1,0,42,36,1.5167e-05,3.041e-06,1.1083e-05,4928,125,1020
N200,cim,200,20,13,1,0,42,37,1.7958e-05,3.417e-06,1.3167e-05,4928,125,1020
N200,cim,200,20,13,1,0,42,38,2.0792e-05,4.334e-06,1.525e-05,4928,125,1020
N200,cim,200,20,13,1,0,42,39,2.1208e-05,4.458e-06,1.5334e-05,4928,125,1020
N200,cim,200,20,13,1,0,42,40,1.5833e-05,3.625e-06,1.1167e-05,4928,125,1020
N200,cim,200,20,13,1,0,42,41,1.5166e-05,3.125e-06,1.1e-05,4928,125,1020
N200,cim,200,20,13,1,0,42,42,1.5125e-05,3.125e-06,1.0959e-05,4928,125,1020
N200,cim,200,20,13,1,0,42,43,1.5125e-05,3.125e-06,1.0958e-05,4928,125,1020
N200,cim,200,20,13,1,0,42,44,1.5125e-05,3.125e-06,1.1e-05,4928,125,1020
N200,cim,200,20,13,1,0,42,45,1.5208e-05,3.125e-06,1.1042e-05,4928,125,1020
N200,cim,200,20,13,1,0,42,46,1.5125e-05,3.125e-06,1.1e-05,4928,125,1020
N200,cim,200,20,13,1,0,42,47,1.5125e-05,3.167e-06,1.0958e-05,4928,125,1020
N200,cim,200,20,13,1,0,42,48,1.5166e-05,3.167e-06,1.1e-05,4928,125,1020
N200,cim,200,20,13,1,0,42,49,1.5167e-05,3.166e-06,1.1e-05,4928,125,1020
N200,cim,200,20,13,1,0,42,50,1.5166e-05,3.167e-06,1.1e-05,4928,125,1020
N200,cim,200,20,13,1,0,42,51,1.5167e-05,3.208e-06,1.1e-05,4928,125,1020
N200,cim,200,20,13,1,0,42,52,1.5167e-05,3.208e-06,1.0959e-05,4928,125,1020
N200,cim,200,20,13,1,0,42,53,1.5166e-05,3.167e-06,1.1e-05,4928,125,1020
N200,cim,200,20,13,1,0,42,54,1.5167e-05,3.208e-06,1.0917e-05,4928,125,1020
N200,cim,200,20,13,1,0,42,55,1.5041e-05,3.084e-06,1.0958e-05,4928,125,1020
N200,cim,200,20,13,1,0,42,56,1.5083e-05,3.083e-06,1.1e-05,4928,125,1020
N200,cim,200,20,13,1,0,42,57,1.5042e-05,3.083e-06,1.1e-05,4928,125,1020
N200,cim,200,20,13,1,0,42,58,1.5084e-05,3.083e-06,1.1e-05,4928,125,1020
N200,cim,200,20,13,1,0,42,59,1.5083e-05,3.042e-06,1.0959e-05,4928,125,1020
N200,cim,200,20,13,1,0,42,60,1.5083e-05,3.084e-06,1.1e-05,4928,125,1020
N200,cim,200,20,13,1,0,42,61,1.5083e-05,3.125e-06,1.0959e-05,4928,125,1020
N200,cim,200,20,13,1,0,42,62,1.5125e-05,3.125e-06,1.0958e-05,4928,125,1020
N200,cim,200,20,13,1,0,42,63,1.5125e-05,3.125e-06,1.1e-05,4928,125,1020
N200,cim,200,20,13,1,0,42,64,1.5458e-05,3.125e-06,1.1292e-05,4928,125,1020
N200,cim,200,20,13,1,0,42,65,1.5167e-05,3.166e-06,1.0959e-05,4928,125,1020
N200,cim,200,20,13,1,0,42,66,1.5125e-05,3.125e-06,1.1e-05,4928,125,1020
N200,cim,200,20,13,1,0,42,67,1.5166e-05,3.083e-06,1.1e-05,4928,125,1020
N200,cim,200,20,13,1,0,42,68,1.5125e-05,3.125e-06,1.1e-05,4928,125,1020
N200,cim,200,20,13,1,0,42,69,1.5208e-05,3.25e-06,1.0917e-05,4928,125,1020
N200,cim,200,20,13,1,0,42,70,1.5125e-05,3.167e-06,1.1e-05,4928,125,1020
N200,cim,200,20,13,1,0,42,71,1.5458e-05,3.166e-06,1.1334e-05,4928,125,1020
N200,cim,200,20,13,1,0,42,72,1.5292e-05,3.166e-06,1.1084e-05,4928,125,1020
N200,cim,200,20,13,1,0,42,73,1.5125e-05,3.167e-06,1.0958e-05,4928,125,1020
N200,cim,200,20,13,1,0,42,74,1.5417e-05,3.083e-06,1.1333e-05,4928,125,1020
N200,cim,200,20,13,1,0,42,75,1.5083e-05,3.042e-06,1.0959e-05,4928,125,1020
N200,cim,200,20,13,1,0,42,76,1.5167e-05,3.125e-06,1.1e-05,4928,125,1020
N200,cim,200,20,13,1,0,42,77,1.5125e-05,3.125e-06,1.0958e-05,4928,125,1020
N200,cim,200,20,13,1,0,42,78,1.5459e-05,3.125e-06,1.1333e-05,4928,125,1020
N200,cim,200,20,13,1,0,42,79,1.5375e-05,3.208e-06,1.1083e-05,4928,125,1020
N200,cim,200,20,13,1,0,42,80,1.5166e-05,3.167e-06,1.1e-05,4928,125,1020
N200,cim,200,20,13,1,0,42,81,1.5167e-05,3.125e-06,1.1e-05,4928,125,1020
N200,cim,200,20,13,1,0,42,82,1.5083e-05,3.083e-06,1.0959e-05,4928,125,1020
N200,cim,200,20,13,1,0,42,83,1.5417e-05,3.084e-06,1.1292e-05,4928,125,1020
N200,cim,200,20,13,1,0,42,84,1.5125e-05,3.125e-06,1.1042e-05,4928,125,1020
N200,cim,200,20,13,1,0,42,85,1.5167e-05,3.125e-06,1.1041e-05,4928,125,1020
N200,cim,200,20,13,1,0,42,86,1.525e-05,3.125e-06,1.1083e-05,4928,125,1020
N200,cim,200,20,13,1,0,42,87,1.5166e-05,3.167e-06,1.0958e-05,4928,125,1020
N200,cim,200,20,13,1,0,42,88,1.5125e-05,3.166e-06,1.0959e-05,4928,125,1020
N200,cim,200,20,13,1,0,42,89,1.5125e-05,3.166e-06,1.0959e-05,4928,125,1020
N200,cim,200,20,13,1,0,42,90,1.55e-05,3.167e-06,1.1291e-05,4928,125,1020
N200,cim,200,20,13,1,0,42,91,1.5542e-05,3.583e-06,1.1e-05,4928,125,1020
N200,cim,200,20,13,1,0,42,92,1.5291e-05,3.334e-06,1.0958e-05,4928,125,1020
N200,cim,200,20,13,1,0,42,93,1.5208e-05,3.166e-06,1.1084e-05,4928,125,1020
N200,cim,200,20,13,1,0,42,94,1.5084e-05,3.125e-06,1.0916e-05,4928,125,1020
N200,cim,200,20,13,1,0,42,95,1.5084e-05,3.125e-06,1.0958e-05,4928,125,1020
N200,cim,200,20,13,1,0,42,96,1.5292e-05,3.25e-06,1.1083e-05,4928,125,1020
N200,cim,200,20,13,1,0,42,97,1.5083e-05,3.084e-06,1.1041e-05,4928,125,1020
N200,cim,200,20,13,1,0,42,98,1.5458e-05,3.209e-06,1.125e-05,4928,125,1020
N200,cim,200,20,13,1,0,42,99,1.525e-05,3.125e-06,1.1e-05,4928,125,1020
N200,cim,200,20,13,1,0,42,100,1.5084e-05,3.125e-06,1.0958e-05,4928,125,1020
N200,cim,200,20,13,1,0,42,101,1.5166e-05,3.083e-06,1.1084e-05,4928,125,1020
N200,cim,200,20,13,1,0,42,102,1.5083e-05,3.125e-06,1.0958e-05,4928,125,1020
N200,cim,200,20,13,1,0,42,103,1.5458e-05,3.375e-06,1.1083e-05,4928,125,1020
N200,cim,200,20,13,1,0,42,104,1.525e-05,3.25e-06,1.1e-05,4928,125,1020
N200,cim,200,20,13,1,0,42,105,1.5125e-05,3.167e-06,1.0958e-05,4928,125,1020
N200,cim,200,20,13,1,0,42,106,1.5208e-05,3.208e-06,1.0958e-05,4928,125,1020
N200,cim,200,20,13,1,0,42,107,1.5167e-05,3.166e-06,1.0958e-05,4928,125,1020
N200,cim,200,20,13,1,0,42,108,1.5458e-05,3.209e-06,1.1208e-05,4928,125,1020
N200,cim,200,20,13,1,0,42,109,1.5125e-05,3.167e-06,1.0958e-05,4928,125,1020
N200,cim,200,20,13,1,0,42,110,1.5167e-05,3.208e-06,1.0959e-05,4928,125,1020
N200,cim,200,20,13,1,0,42,111,1.5083e-05,3.167e-06,1.0958e-05,4928,125,1020
N200,cim,200,20,13,1,0,42,112,1.5208e-05,3.167e-06,1.1042e-05,4928,125,1020
N200,cim,200,20,13,1,0,42,113,1.5083e-05,3.083e-06,1.1e-05,4928,125,1020
N200,cim,200,20,13,1,0,42,114,1.5125e-05,3.041e-06,1.1042e-05,4928,125,1020
N200,cim,200,20,13,1,0,42,115,1.5125e-05,3.041e-06,1.1e-05,4928,125,1020
N200,cim,200,20,13,1,0,42,116,1.5042e-05,3.083e-06,1.0917e-05,4928,125,1020
N200,cim,200,20,13,1,0,42,117,1.5125e-05,3.125e-06,1.1e-05,4928,125,1020
N200,cim,200,20,13,1,0,42,118,1.5125e-05,3.083e-06,1.0958e-05,4928,125,1020
N200,cim,200,20,13,1,0,42,119,1.5125e-05,3.167e-06,1.0958e-05,4928,125,1020
N200,cim,200,20,13,1,0,42,120,1.5209e-05,3.125e-06,1.1083e-05,4928,125,1020
N200,cim,200,20,13,1,0,42,121,1.5208e-05,3.167e-06,1.0959e-05,4928,125,1020
N200,cim,200,20,13,1,0,42,122,1.5125e-05,3.084e-06,1.1e-05,4928,125,1020
N200,cim,200,20,13,1,0,42,123,1.5166e-05,3.167e-06,1.1e-05,4928,125,1020
N200,cim,200,20,13,1,0,42,124,1.5167e-05,3.166e-06,1.1e-05,4928,125,1020
N200,cim,200,20,13,1,0,42,125,1.5209e-05,3.167e-06,1.1e-05,4928,125,1020
N200,cim,200,20,13,1,0,42,126,1.5208e-05,3.167e-06,1.1e-05,4928,125,1020
N200,cim,200,20,13,1,0,42,127,1.5208e-05,3.167e-06,1.0958e-05,4928,125,1020
N200,cim,200,20,13,1,0,42,128,1.5125e-05,3.208e-06,1.0958e-05,4928,125,1020
N200,cim,200,20,13,1,0,42,129,1.5166e-05,3.209e-06,1.0958e-05,4928,125,1020
N200,cim,200,20,13,1,0,42,130,1.525e-05,3.166e-06,1.1084e-05,4928,125,1020
N200,cim,200,20,13,1,0,42,131,1.5083e-05,3.083e-06,1.1e-05,4928,125,1020
N200,cim,200,20,13,1,0,42,132,1.5125e-05,3.083e-06,1.1e-05,4928,125,1020
N200,cim,200,20,13,1,0,42,133,1.5084e-05,3.083e-06,1.0958e-05,4928,125,1020
N200,cim,200,20,13,1,0,42,134,1.5083e-05,3.042e-06,1.1e-05,4928,125,1020
N200,cim,200,20,13,1,0,42,135,1.5041e-05,3.084e-06,1.0958e-05,4928,125,1020
N200,cim,200,20,13,1,0,42,136,1.5125e-05,3.042e-06,1.0958e-05,4928,125,1020
N200,cim,200,20,13,1,0,42,137,1.5542e-05,3.084e-06,1.1416e-05,4928,125,1020
N200,cim,200,20,13,1,0,42,138,1.5166e-05,3.083e-06,1.1084e-05,4928,125,1020
N200,cim,200,20,13,1,0,42,139,1.5292e-05,3.208e-06,1.1083e-05,4928,125,1020
N200,cim,200,20,13,1,0,42,140,1.5125e-05,3.125e-06,1.1e-05,4928,125,1020
N200,cim,200,20,13,1,0,42,141,1.5209e-05,3.125e-06,1.1083e-05,4928,125,1020
N200,cim,200,20,13,1,0,42,142,1.5125e-05,3.167e-06,1.0958e-05,4928,125,1020
N200,cim,200,20,13,1,0,42,143,1.5125e-05,3.167e-06,1.1e-05,4928,125,1020
N200,cim,200,20,13,1,0,42,144,1.5125e-05,3.125e-06,1.0958e-05,4928,125,1020
N200,cim,200,20,13,1,0,42,145,1.5166e-05,3.125e-06,1.1e-05,4928,125,1020
N200,cim,200,20,13,1,0,42,146,1.5083e-05,3.166e-06,1.0959e-05,4928,125,1020
N200,cim,200,20,13,1,0,42,147,1.5125e-05,3.166e-06,1.0959e-05,4928,125,1020
N200,cim,200,20,13,1,0,42,148,1.5125e-05,3.167e-06,1.0958e-05,4928,125,1020
N200,cim,200,20,13,1,0,42,149,1.5209e-05,3.167e-06,1.1041e-05,4928,125,1020
N200,cim,200,20,13,1,0,42,150,1.5209e-05,3.167e-06,1.0959e-05,4928,125,1020
N200,cim,200,20,13,1,0,42,151,1.5083e-05,3.084e-06,1.0959e-05,4928,125,1020
N200,cim,200,20,13,1,0,42,152,1.5041e-05,3.084e-06,1.0958e-05,4928,125,1020
N200,cim,200,20,13,1,0,42,153,1.5042e-05,3.083e-06,1.0958e-05,4928,125,1020
N200,cim,200,20,13,1,0,42,154,1.5125e-05,3.125e-06,1.1e-05,4928,125,1020
N200,cim,200,20,13,1,0,42,155,1.5084e-05,3.083e-06,1.1e-05,4928,125,1020
N200,cim,200,20,13,1,0,42,156,1.5083e-05,3.083e-06,1.0959e-05,4928,125,1020
N200,cim,200,20,13,1,0,42,157,1.5083e-05,3.084e-06,1.1e-05,4928,125,1020
N200,cim,200,20,13,1,0,42,158,1.5083e-05,3.084e-06,1.1e-05,4928,125,1020
N200,cim,200,20,13,1,0,42,159,1.5083e-05,3.084e-06,1.1e-05,4928,125,1020
N200,cim,200,20,13,1,0,42,160,1.5083e-05,3.042e-06,1.0958e-05,4928,125,1020
N200,cim,200,20,13,1,0,42,161,1.5083e-05,3.125e-06,1.0958e-05,4928,125,1020
N200,cim,200,20,13,1,0,42,162,1.5208e-05,3.208e-06,1.1e-05,4928,125,1020
N200,cim,200,20,13,1,0,42,163,1.5125e-05,3.125e-06,1.1e-05,4928,125,1020
N200,cim,200,20,13,1,0,42,164,1.5125e-05,3.166e-06,1.1e-05,4928,125,1020
N200,cim,200,20,13,1,0,42,165,1.5125e-05,3.209e-06,1.0958e-05,4928,125,1020
N200,cim,200,20,13,1,0,42,166,1.5084e-05,3.167e-06,1.0958e-05,4928,125,1020
N200,cim,200,20,13,1,0,42,167,1.5125e-05,3.167e-06,1.0958e-05,4928,125,1020
N200,cim,200,20,13,1,0,42,168,1.5083e-05,3.125e-06,1.0917e-05,4928,125,1020
N200,cim,200,20,13,1,0,42,169,1.5083e-05,3.083e-06,1.1e-05,4928,125,1020
N200,cim,200,20,13,1,0,42,170,1.5083e-05,3.083e-06,1.0958e-05,4928,125,1020
N200,cim,200,20,13,1,0,42,171,1.5125e-05,3.083e-06,1.0958e-05,4928,125,1020
N200,cim,200,20,13,1,0,42,172,1.5083e-05,3.125e-06,1.0958e-05,4928,125,1020
N200,cim,200,20,13,1,0,42,173,1.5125e-05,3.125e-06,1.0958e-05,4928,125,1020
N200,cim,200,20,13,1,0,42,174,1.5125e-05,3.125e-06,1.1e-05,4928,125,1020
N200,cim,200,20,13,1,0,42,175,1.5041e-05,3.084e-06,1.0958e-05,4928,125,1020
N200,cim,200,20,13,1,0,42,176,1.5083e-05,3.083e-06,1.0958e-05,4928,125,1020
N200,cim,200,20,13,1,0,42,177,1.5209e-05,3.208e-06,1.0958e-05,4928,125,1020
N200,cim,200,20,13,1,0,42,178,1.5125e-05,3.125e-06,1.1e-05,4928,125,1020
N200,cim,200,20,13,1,0,42,179,1.5083e-05,3.125e-06,1.1e-05,4928,125,1020
N200,cim,200,20,13,1,0,42,180,1.5083e-05,3.125e-06,1.1e-05,4928,125,1020
N200,cim,200,20,13,1,0,42,181,1.5125e-05,3.125e-06,1.1e-05,4928,125,1020
N200,cim,200,20,13,1,0,42,182,1.5125e-05,3.167e-06,1.1e-05,4928,125,1020
N200,cim,200,20,13,1,0,42,183,1.5167e-05,3.167e-06,1.1e-05,4928,125,1020
N200,cim,200,20,13,1,0,42,184,1.5166e-05,3.125e-06,1.1042e-05,4928,125,1020
N200,cim,200,20,13,1,0,42,185,1.5125e-05,3.167e-06,1.0959e-05,4928,125,1020
N200,cim,200,20,13,1,0,42,186,1.5125e-05,3.125e-06,1.0917e-05,4928,125,1020
N200,cim,200,20,13,1,0,42,187,1.5083e-05,3.167e-06,1.0958e-05,4928,125,1020
N200,cim,200,20,13,1,0,42,188,1.5083e-05,3.167e-06,1.0917e-05,4928,125,1020
N200,cim,200,20,13,1,0,42,189,1.5042e-05,3.042e-06,1.0958e-05,4928,125,1020
N200,cim,200,20,13,1,0,42,190,1.5042e-05,3.041e-06,1.0917e-05,4928,125,1020
N200,cim,200,20,13,1,0,42,191,1.5041e-05,3.084e-06,1.1e-05,4928,125,1020
N200,cim,200,20,13,1,0,42,192,1.5083e-05,3.125e-06,1.1e-05,4928,125,1020
N200,cim,200,20,13,1,0,42,193,1.5125e-05,3.167e-06,1.1e-05,4928,125,1020
N200,cim,200,20,13,1,0,42,194,1.5125e-05,3.083e-06,1.1e-05,4928,125,1020
N200,cim,200,20,13,1,0,42,195,1.5125e-05,3.125e-06,1.1e-05,4928,125,1020
N200,cim,200,20,13,1,0,42,196,1.5333e-05,3.125e-06,1.1208e-05,4928,125,1020
N200,cim,200,20,13,1,0,42,197,1.525e-05,3.167e-06,1.1125e-05,4928,125,1020
N200,cim,200,20,13,1,0,42,198,1.5084e-05,3.083e-06,1.1e-05,4928,125,1020
N200,cim,200,20,13,1,0,42,199,1.5084e-05,3.125e-06,1.0958e-05,4928,125,1020
N200,cim,200,20,13,1,0,42,200,1.5125e-05,3.125e-06,1.1e-05,4928,125,1020
N200,cim,200,20,13,1,0,42,201,1.5292e-05,3.125e-06,1.1125e-05,4928,125,1020
N200,cim,200,20,13,1,0,42,202,1.5166e-05,3.167e-06,1.1e-05,4928,125,1020
N200,cim,200,20,13,1,0,42,203,1.5333e-05,3.25e-06,1.1e-05,4928,125,1020
N200,cim,200,20,13,1,0,42,204,1.5083e-05,3.125e-06,1.0958e-05,4928,125,1020
N200,cim,200,20,13,1,0,42,205,1.5125e-05,3.167e-06,1.0958e-05,4928,125,1020
N200,cim,200,20,13,1,0,42,206,1.5208e-05,3.166e-06,1.1042e-05,4928,125,1020
N200,cim,200,20,13,1,0,42,207,1.5125e-05,3.041e-06,1.0959e-05,4928,125,1020
N200,cim,200,20,13,1,0,42,208,1.5084e-05,3.083e-06,1.0958e-05,4928,125,1020
N200,cim,200,20,13,1,0,42,209,1.5166e-05,3.084e-06,1.1083e-05,4928,125,1020
N200,cim,200,20,13,1,0,42,210,1.5083e-05,3.084e-06,1.0958e-05,4928,125,1020
N200,cim,200,20,13,1,0,42,211,1.5208e-05,3.208e-06,1.1e-05,4928,125,1020
N200,cim,200,20,13,1,0,42,212,1.5084e-05,3.042e-06,1.1083e-05,4928,125,1020
N200,cim,200,20,13,1,0,42,213,1.5167e-05,3.083e-06,1.0958e-05,4928,125,1020
N200,cim,200,20,13,1,0,42,214,1.5166e-05,3.084e-06,1.1083e-05,4928,125,1020
N200,cim,200,20,13,1,0,42,215,1.5083e-05,3.083e-06,1.0958e-05,4928,125,1020
N200,cim,200,20,13,1,0,42,216,1.5042e-05,3.083e-06,1.0958e-05,4928,125,1020
N200,cim,200,20,13,1,0,42,217,1.5167e-05,3.25e-06,1.0958e-05,4928,125,1020
N200,cim,200,20,13,1,0,42,218,1.525e-05,3.25e-06,1.1e-05,4928,125,1020
N200,cim,200,20,13,1,0,42,219,1.5125e-05,3.083e-06,1.0958e-05,4928,125,1020
N200,cim,200,20,13,1,0,42,220,1.5209e-05,3.167e-06,1.1083e-05,4928,125,1020
N200,cim,200,20,13,1,0,42,221,1.5125e-05,3.167e-06,1.0958e-05,4928,125,1020
N200,cim,200,20,13,1,0,42,222,1.5208e-05,3.167e-06,1.1042e-05,4928,125,1020
N200,cim,200,20,13,1,0,42,223,1.5125e-05,3.166e-06,1.0959e-05,4928,125,1020
N200,cim,200,20,13,1,0,42,224,1.5208e-05,3.125e-06,1.1042e-05,4928,125,1020
N200,cim,200,20,13,1,0,42,225,1.5167e-05,3.208e-06,1.0959e-05,4928,125,1020
N200,cim,200,20,13,1,0,42,226,1.5083e-05,3.166e-06,1.0959e-05,4928,125,1020
N200,cim,200,20,13,1,0,42,227,1.5083e-05,3.083e-06,1.0958e-05,4928,125,1020
N200,cim,200,20,13,1,0,42,228,1.5125e-05,3.125e-06,1.0958e-05,4928,125,1020
N200,cim,200,20,13,1,0,42,229,1.5125e-05,3.125e-06,1.0958e-05,4928,125,1020
N200,cim,200,20,13,1,0,42,230,1.5208e-05,3.125e-06,1.1083e-05,4928,125,1020
N200,cim,200,20,13,1,0,42,231,1.5209e-05,3.125e-06,1.1e-05,4928,125,1020
N200,cim,200,20,13,1,0,42,232,1.5084e-05,3.125e-06,1.0958e-05,4928,125,1020
N200,cim,200,20,13,1,0,42,233,1.5167e-05,3.167e-06,1.1041e-05,4928,125,1020
N200,cim,200,20,13,1,0,42,234,1.525e-05,3.167e-06,1.1083e-05,4928,125,1020
N200,cim,200,20,13,1,0,42,235,1.5125e-05,3.125e-06,1.1e-05,4928,125,1020
N200,cim,200,20,13,1,0,42,236,1.5125e-05,3.125e-06,1.1e-05,4928,125,1020
N200,cim,200,20,13,1,0,42,237,1.5625e-05,3.459e-06,1.1125e-05,4928,125,1020
N200,cim,200,20,13,1,0,42,238,1.5291e-05,3.167e-06,1.1083e-05,4928,125,1020
N200,cim,200,20,13,1,0,42,239,1.5167e-05,3.166e-06,1.0958e-05,4928,125,1020
N200,cim,200,20,13,1,0,42,240,1.5167e-05,3.208e-06,1.1e-05,4928,125,1020
N200,cim,200,20,13,1,0,42,241,1.5291e-05,3.209e-06,1.1083e-05,4928,125,1020
N200,cim,200,20,13,1,0,42,242,1.525e-05,3.166e-06,1.1e-05,4928,125,1020
N200,cim,200,20,13,1,0,42,243,1.5166e-05,3.209e-06,1.0958e-05,4928,125,1020
N200,cim,200,20,13,1,0,42,244,1.525e-05,3.208e-06,1.1042e-05,4928,125,1020
N200,cim,200,20,13,1,0,42,245,1.5125e-05,3.209e-06,1.0958e-05,4928,125,1020
N200,cim,200,20,13,1,0,42,246,1.5084e-05,3.125e-06,1.0916e-05,4928,125,1020
N200,cim,200,20,13,1,0,42,247,1.5208e-05,3.125e-06,1.1042e-05,4928,125,1020
N200,cim,200,20,13,1,0,42,248,1.5125e-05,3.167e-06,1.1e-05,4928,125,1020
N200,cim,200,20,13,1,0,42,249,1.5209e-05,3.125e-06,1.1083e-05,4928,125,1020
N200,cim,200,20,13,1,0,42,250,1.5125e-05,3.083e-06,1.1e-05,4928,125,1020
N200,cim,200,20,13,1,0,42,251,1.5083e-05,3.083e-06,1.1e-05,4928,125,1020
N200,cim,200,20,13,1,0,42,252,1.5083e-05,3.084e-06,1.1e-05,4928,125,1020
N200,cim,200,20,13,1,0,42,253,1.5167e-05,3.167e-06,1.1e-05,4928,125,1020
N200,cim,200,20,13,1,0,42,254,1.5125e-05,3.125e-06,1.1e-05,4928,125,1020
N200,cim,200,20,13,1,0,42,255,1.525e-05,3.125e-06,1.1083e-05,4928,125,1020
N200,cim,200,20,13,1,0,42,256,1.5125e-05,3.166e-06,1.1e-05,4928,125,1020
N200,cim,200,20,13,1,0,42,257,1.5375e-05,3.292e-06,1.1083e-05,4928,125,1020
N200,cim,200,20,13,1,0,42,258,1.5166e-05,3.167e-06,1.0958e-05,4928,125,1020
N200,cim,200,20,13,1,0,42,259,1.5125e-05,3.125e-06,1.0958e-05,4928,125,1020
N200,cim,200,20,13,1,0,42,260,1.5292e-05,3.125e-06,1.1125e-05,4928,125,1020
N200,cim,200,20,13,1,0,42,261,1.5208e-05,3.167e-06,1.1041e-05,4928,125,1020
N200,cim,200,20,13,1,0,42,262,1.5083e-05,3.166e-06,1.0959e-05,4928,125,1020
N200,cim,200,20,13,1,0,42,263,1.5125e-05,3.166e-06,1.0959e-05,4928,125,1020
N200,cim,200,20,13,1,0,42,264,1.5125e-05,3.125e-06,1.0958e-05,4928,125,1020
N200,cim,200,20,13,1,0,42,265,1.5208e-05,3.083e-06,1.1084e-05,4928,125,1020
N200,cim,200,20,13,1,0,42,266,1.5083e-05,3.125e-06,1.0959e-05,4928,125,1020
N200,cim,200,20,13,1,0,42,267,1.5167e-05,3.084e-06,1.1e-05,4928,125,1020
N200,cim,200,20,13,1,0,42,268,1.5125e-05,3.167e-06,1.0958e-05,4928,125,1020
N200,cim,200,20,13,1,0,42,269,1.5084e-05,3.125e-06,1.1e-05,4928,125,1020
N200,cim,200,20,13,1,0,42,270,1.5292e-05,3.166e-06,1.1e-05,4928,125,1020
N200,cim,200,20,13,1,0,42,271,1.5125e-05,3.166e-06,1.0959e-05,4928,125,1020
N200,cim,200,20,13,1,0,42,272,1.5167e-05,3.125e-06,1.1e-05,4928,125,1020
N200,cim,200,20,13,1,0,42,273,1.5083e-05,3.083e-06,1.0959e-05,4928,125,1020
N200,cim,200,20,13,1,0,42,274,1.5125e-05,3.125e-06,1.0958e-05,4928,125,1020
N200,cim,200,20,13,1,0,42,275,1.5167e-05,3.167e-06,1.1e-05,4928,125,1020
N200,cim,200,20,13,1,0,42,276,1.5292e-05,3.125e-06,1.1125e-05,4928,125,1020
N200,cim,200,20,13,1,0,42,277,1.5125e-05,3.125e-06,1.1e-05,4928,125,1020
N200,cim,200,20,13,1,0,42,278,1.5209e-05,3.125e-06,1.1041e-05,4928,125,1020
N200,cim,200,20,13,1,0,42,279,1.5292e-05,3.292e-06,1.1e-05,4928,125,1020
N200,cim,200,20,13,1,0,42,280,1.5125e-05,3.167e-06,1.0958e-05,4928,125,1020
N200,cim,200,20,13,1,0,42,281,1.5208e-05,3.125e-06,1.1084e-05,4928,125,1020
N200,cim,200,20,13,1,0,42,282,1.5125e-05,3.167e-06,1.0958e-05,4928,125,1020
N200,cim,200,20,13,1,0,42,283,1.5084e-05,3.125e-06,1.0958e-05,4928,125,1020
N200,cim,200,20,13,1,0,42,284,1.5083e-05,3.083e-06,1.0959e-05,4928,125,1020
N200,cim,200,20,13,1,0,42,285,1.5083e-05,3.084e-06,1.0958e-05,4928,125,1020
N200,cim,200,20,13,1,0,42,286,1.5083e-05,3.083e-06,1.1e-05,4928,125,1020
N200,cim,200,20,13,1,0,42,287,1.5125e-05,3.083e-06,1.1042e-05,4928,125,1020
N200,cim,200,20,13,1,0,42,288,1.5125e-05,3.084e-06,1.1083e-05,4928,125,1020
N200,cim,200,20,13,1,0,42,289,1.5292e-05,3.167e-06,1.1125e-05,4928,125,1020
N200,cim,200,20,13,1,0,42,290,1.5125e-05,3.125e-06,1.0958e-05,4928,125,1020
N200,cim,200,20,13,1,0,42,291,1.5459e-05,3.167e-06,1.1291e-05,4928,125,1020
N200,cim,200,20,13,1,0,42,292,1.5209e-05,3.125e-06,1.1083e-05,4928,125,1020
N200,cim,200,20,13,1,0,42,293,1.5208e-05,3.083e-06,1.1084e-05,4928,125,1020
N200,cim,200,20,13,1,0,42,294,1.5083e-05,3.084e-06,1.0959e-05,4928,125,1020
N200,cim,200,20,13,1,0,42,295,1.5125e-05,3.125e-06,1.0958e-05,4928,125,1020
N200,cim,200,20,13,1,0,42,296,1.5209e-05,3.125e-06,1.1083e-05,4928,125,1020
N200,cim,200,20,13,1,0,42,297,1.525e-05,3.125e-06,1.1125e-05,4928,125,1020
N200,cim,200,20,13,1,0,42,298,1.5125e-05,3.166e-06,1.1e-05,4928,125,1020
N200,cim,200,20,13,1,0,42,299,1.5125e-05,3.167e-06,1.0958e-05,4928,125,1020
N200,cim,200,20,13,1,0,42,300,1.525e-05,3.125e-06,1.1083e-05,4928,125,1020
N200,cim,200,20,13,1,0,42,301,1.525e-05,3.125e-06,1.1083e-05,4928,125,1020
N200,cim,200,20,13,1,0,42,302,1.5209e-05,3.25e-06,1.0958e-05,4928,125,1020
N200,cim,200,20,13,1,0,42,303,1.525e-05,3.083e-06,1.1125e-05,4928,125,1020
N200,cim,200,20,13,1,0,42,304,1.5166e-05,3.167e-06,1.1e-05,4928,125,1020
N200,cim,200,20,13,1,0,42,305,1.5209e-05,3.125e-06,1.1083e-05,4928,125,1020
N200,cim,200,20,13,1,0,42,306,1.5166e-05,3.125e-06,1.1042e-05,4928,125,1020
N200,cim,200,20,13,1,0,42,307,1.5125e-05,3.083e-06,1.1041e-05,4928,125,1020
N200,cim,200,20,13,1,0,42,308,1.5125e-05,3.084e-06,1.1042e-05,4928,125,1020
N200,cim,200,20,13,1,0,42,309,1.5084e-05,3.083e-06,1.1e-05,4928,125,1020
N200,cim,200,20,13,1,0,42,310,1.5208e-05,3.125e-06,1.1042e-05,4928,125,1020
N200,cim,200,20,13,1,0,42,311,1.5041e-05,3.084e-06,1.0959e-05,4928,125,1020
N200,cim,200,20,13,1,0,42,312,1.5083e-05,3.083e-06,1.1e-05,4928,125,1020
N200,cim,200,20,13,1,0,42,313,1.525e-05,3.166e-06,1.1084e-05,4928,125,1020
N200,cim,200,20,13,1,0,42,314,1.5292e-05,3.208e-06,1.1083e-05,4928,125,1020
N200,cim,200,20,13,1,0,42,315,1.5208e-05,3.167e-06,1.1e-05,4928,125,1020
N200,cim,200,20,13,1,0,42,316,1.5292e-05,3.167e-06,1.1083e-05,4928,125,1020
N200,cim,200,20,13,1,0,42,317,1.5208e-05,3.167e-06,1.0959e-05,4928,125,1020
N200,cim,200,20,13,1,0,42,318,1.5167e-05,3.167e-06,1.0958e-05,4928,125,1020
N200,cim,200,20,13,1,0,42,319,1.5291e-05,3.25e-06,1.0959e-05,4928,125,1020
N200,cim,200,20,13,1,0,42,320,1.5208e-05,3.208e-06,1.0959e-05,4928,125,1020
N200,cim,200,20,13,1,0,42,321,1.5167e-05,3.208e-06,1.0916e-05,4928,125,1020
N200,cim,200,20,13,1,0,42,322,1.5084e-05,3.125e-06,1.0958e-05,4928,125,1020
N200,cim,200,20,13,1,0,42,323,1.5209e-05,3.083e-06,1.1167e-05,4928,125,1020
N200,cim,200,20,13,1,0,42,324,1.5167e-05,3.208e-06,1.0959e-05,4928,125,1020
N200,cim,200,20,13,1,0,42,325,1.5041e-05,3.084e-06,1.0959e-05,4928,125,1020
N200,cim,200,20,13,1,0,42,326,1.5167e-05,3.125e-06,1.1e-05,4928,125,1020
N200,cim,200,20,13,1,0,42,327,1.5375e-05,3.167e-06,1.1208e-05,4928,125,1020
N200,cim,200,20,13,1,0,42,328,1.5209e-05,3.125e-06,1.1083e-05,4928,125,1020
N200,cim,200,20,13,1,0,42,329,1.5125e-05,3.083e-06,1.1e-05,4928,125,1020
N200,cim,200,20,13,1,0,42,330,1.5042e-05,3.083e-06,1.1e-05,4928,125,1020
N200,cim,200,20,13,1,0,42,331,1.5083e-05,3.125e-06,1.0959e-05,4928,125,1020
N200,cim,200,20,13,1,0,42,332,1.5208e-05,3.125e-06,1.1084e-05,4928,125,1020
N200,cim,200,20,13,1,0,42,333,1.5125e-05,3.084e-06,1.1e-05,4928,125,1020
N200,cim,200,20,13,1,0,42,334,1.5125e-05,3.166e-06,1.0959e-05,4928,125,1020
N200,cim,200,20,13,1,0,42,335,1.5125e-05,3.125e-06,1.1e-05,4928,125,1020
N200,cim,200,20,13,1,0,42,336,1.5167e-05,3.125e-06,1.1e-05,4928,125,1020
N200,cim,200,20,13,1,0,42,337,1.525e-05,3.25e-06,1.0958e-05,4928,125,1020
N200,cim,200,20,13,1,0,42,338,1.5292e-05,3.125e-06,1.1125e-05,4928,125,1020
N200,cim,200,20,13,1,0,42,339,1.5125e-05,3.208e-06,1.0958e-05,4928,125,1020
N200,cim,200,20,13,1,0,42,340,1.5166e-05,3.209e-06,1.0958e-05,4928,125,1020
N200,cim,200,20,13,1,0,42,341,1.5125e-05,3.125e-06,1.0958e-05,4928,125,1020
N200,cim,200,20,13,1,0,42,342,1.5208e-05,3.25e-06,1.0959e-05,4928,125,1020
N200,cim,200,20,13,1,0,42,343,1.5208e-05,3.166e-06,1.1042e-05,4928,125,1020
N200,cim,200,20,13,1,0,42,344,1.5209e-05,3.166e-06,1.1e-05,4928,125,1020
N200,cim,200,20,13,1,0,42,345,1.5166e-05,3.125e-06,1.1084e-05,4928,125,1020
N200,cim,200,20,13,1,0,42,346,1.5083e-05,3.084e-06,1.0958e-05,4928,125,1020
N200,cim,200,20,13,1,0,42,347,1.5083e-05,3.125e-06,1.1e-05,4928,125,1020
N200,cim,200,20,13,1,0,42,348,1.5083e-05,3.084e-06,1.0958e-05,4928,125,1020
N200,cim,200,20,13,1,0,42,349,1.5125e-05,3.125e-06,1.1e-05,4928,125,1020
N200,cim,200,20,13,1,0,42,350,1.5167e-05,3.167e-06,1.0958e-05,4928,125,1020
N200,cim,200,20,13,1,0,42,351,1.5125e-05,3.125e-06,1.1e-05,4928,125,1020
N200,cim,200,20,13,1,0,42,352,1.5125e-05,3.125e-06,1.1e-05,4928,125,1020
N200,cim,200,20,13,1,0,42,353,1.5125e-05,3.125e-06,1.0958e-05,4928,125,1020
N200,cim,200,20,13,1,0,42,354,1.5292e-05,3.125e-06,1.1125e-05,4928,125,1020
N200,cim,200,20,13,1,0,42,355,1.5208e-05,3.167e-06,1.1042e-05,4928,125,1020
N200,cim,200,20,13,1,0,42,356,1.5292e-05,3.167e-06,1.1083e-05,4928,125,1020
N200,cim,200,20,13,1,0,42,357,1.5125e-05,3.167e-06,1.0958e-05,4928,125,1020
N200,cim,200,20,13,1,0,42,358,1.5083e-05,3.125e-06,1.0917e-05,4928,125,1020
N200,cim,200,20,13,1,0,42,359,1.5125e-05,3.166e-06,1.0959e-05,4928,125,1020
N200,cim,200,20,13,1,0,42,360,1.5208e-05,3.167e-06,1.1e-05,4928,125,1020
N200,cim,200,20,13,1,0,42,361,1.5083e-05,3.084e-06,1.0959e-05,4928,125,1020
N200,cim,200,20,13,1,0,42,362,1.5083e-05,3.084e-06,1.0958e-05,4928,125,1020
N200,cim,200,20,13,1,0,42,363,1.5125e-05,3.125e-06,1.1041e-05,4928,125,1020
N200,cim,200,20,13,1,0,42,364,1.5125e-05,3.167e-06,1.0958e-05,4928,125,1020
N200,cim,200,20,13,1,0,42,365,1.5291e-05,3.208e-06,1.1042e-05,4928,125,1020
N200,cim,200,20,13,1,0,42,366,1.5125e-05,3.083e-06,1.1e-05,4928,125,1020
N200,cim,200,20,13,1,0,42,367,1.5459e-05,3.125e-06,1.1292e-05,4928,125,1020
N200,cim,200,20,13,1,0,42,368,1.5333e-05,3.25e-06,1.1083e-05,4928,125,1020
N200,cim,200,20,13,1,0,42,369,1.525e-05,3.125e-06,1.1083e-05,4928,125,1020
N200,cim,200,20,13,1,0,42,370,1.5292e-05,3.125e-06,1.1125e-05,4928,125,1020
N200,cim,200,20,13,1,0,42,371,1.5167e-05,3.125e-06,1.1e-05,4928,125,1020
N200,cim,200,20,13,1,0,42,372,1.5208e-05,3.167e-06,1.1e-05,4928,125,1020
N200,cim,200,20,13,1,0,42,373,1.5208e-05,3.167e-06,1.1e-05,4928,125,1020
N200,cim,200,20,13,1,0,42,374,1.5167e-05,3.167e-06,1.1e-05,4928,125,1020
N200,cim,200,20,13,1,0,42,375,1.5208e-05,3.167e-06,1.0916e-05,4928,125,1020
N200,cim,200,20,13,1,0,42,376,1.5208e-05,3.25e-06,1.0917e-05,4928,125,1020
N200,cim,200,20,13,1,0,42,377,1.525e-05,3.166e-06,1.1e-05,4928,125,1020
N200,cim,200,20,13,1,0,42,378,1.5125e-05,3.208e-06,1.0917e-05,4928,125,1020
N200,cim,200,20,13,1,0,42,379,1.5166e-05,3.209e-06,1.0958e-05,4928,125,1020
N200,cim,200,20,13,1,0,42,380,1.5167e-05,3.083e-06,1.1041e-05,4928,125,1020
N200,cim,200,20,13,1,0,42,381,1.4958e-05,3.084e-06,1.0833e-05,4928,125,1020
N200,cim,200,20,13,1,0,42,382,1.5e-05,3.125e-06,1.0875e-05,4928,125,1020
N200,cim,200,20,13,1,0,42,383,1.7917e-05,3.625e-06,1.3291e-05,4928,125,1020
N200,cim,200,20,13,1,0,42,384,1.5166e-05,3.167e-06,1.1e-05,4928,125,1020
N200,cim,200,20,13,1,0,42,385,1.5167e-05,3.125e-06,1.1e-05,4928,125,1020
N200,cim,200,20,13,1,0,42,386,1.5167e-05,3.125e-06,1.1e-05,4928,125,1020
N200,cim,200,20,13,1,0,42,387,1.5291e-05,3.125e-06,1.1125e-05,4928,125,1020
N200,cim,200,20,13,1,0,42,388,1.5125e-05,3.166e-06,1.0959e-05,4928,125,1020
N200,cim,200,20,13,1,0,42,389,1.5167e-05,3.125e-06,1.1e-05,4928,125,1020
N200,cim,200,20,13,1,0,42,390,1.5166e-05,3.167e-06,1.1e-05,4928,125,1020
N200,cim,200,20,13,1,0,42,391,1.5167e-05,3.166e-06,1.1e-05,4928,125,1020
N200,cim,200,20,13,1,0,42,392,1.5208e-05,3.209e-06,1.1e-05,4928,125,1020
N200,cim,200,20,13,1,0,42,393,1.5333e-05,3.167e-06,1.1167e-05,4928,125,1020
N200,cim,200,20,13,1,0,42,394,1.5125e-05,3.125e-06,1.0959e-05,4928,125,1020
N200,cim,200,20,13,1,0,42,395,1.5083e-05,3.208e-06,1.0875e-05,4928,125,1020
N200,cim,200,20,13,1,0,42,396,1.5e-05,3.167e-06,1.0834e-05,4928,125,1020
N200,cim,200,20,13,1,0,42,397,1.4917e-05,3.083e-06,1.0791e-05,4928,125,1020
N200,cim,200,20,13,1,0,42,398,1.4958e-05,3.125e-06,1.0833e-05,4928,125,1020
N200,cim,200,20,13,1,0,42,399,1.5042e-05,3.083e-06,1.0959e-05,4928,125,1020
N200,cim,200,20,13,1,0,42,400,1.4917e-05,3.041e-06,1.0833e-05,4928,125,1020
N200,cim,200,20,13,1,0,42,401,1.5041e-05,3.042e-06,1.1e-05,4928,125,1020
N200,cim,200,20,13,1,0,42,402,1.4917e-05,3.042e-06,1.0875e-05,4928,125,1020
N200,cim,200,20,13,1,0,42,403,1.4917e-05,3.041e-06,1.0833e-05,4928,125,1020
N200,cim,200,20,13,1,0,42,404,1.4916e-05,3.042e-06,1.0875e-05,4928,125,1020
N200,cim,200,20,13,1,0,42,405,1.4959e-05,3.041e-06,1.0833e-05,4928,125,1020
N200,cim,200,20,13,1,0,42,406,1.4916e-05,3.042e-06,1.0833e-05,4928,125,1020
N200,cim,200,20,13,1,0,42,407,1.4917e-05,3.083e-06,1.0875e-05,4928,125,1020
N200,cim,200,20,13,1,0,42,408,1.4916e-05,3.042e-06,1.0833e-05,4928,125,1020
N200,cim,200,20,13,1,0,42,409,1.4959e-05,3.125e-06,1.0875e-05,4928,125,1020
N200,cim,200,20,13,1,0,42,410,1.4917e-05,3.042e-06,1.0875e-05,4928,125,1020
N200,cim,200,20,13,1,0,42,411,1.5e-05,3.084e-06,1.0875e-05,4928,125,1020
N200,cim,200,20,13,1,0,42,412,1.5042e-05,3.083e-06,1.0916e-05,4928,125,1020
N200,cim,200,20,13,1,0,42,413,1.5042e-05,3.083e-06,1.1e-05,4928,125,1020
N200,cim,200,20,13,1,0,42,414,1.5042e-05,3.166e-06,1.0875e-05,4928,125,1020
N200,cim,200,20,13,1,0,42,415,1.5041e-05,3.167e-06,1.0834e-05,4928,125,1020
N200,cim,200,20,13,1,0,42,416,1.5042e-05,3.208e-06,1.0834e-05,4928,125,1020
N200,cim,200,20,13,1,0,42,417,1.4958e-05,3.166e-06,1.0834e-05,4928,125,1020
N200,cim,200,20,13,1,0,42,418,1.4958e-05,3.166e-06,1.0834e-05,4928,125,1020
N200,cim,200,20,13,1,0,42,419,1.5e-05,3.125e-06,1.0833e-05,4928,125,1020
N200,cim,200,20,13,1,0,42,420,1.4959e-05,3.083e-06,1.0833e-05,4928,125,1020
N200,cim,200,20,13,1,0,42,421,1.4916e-05,3.042e-06,1.0833e-05,4928,125,1020
N200,cim,200,20,13,1,0,42,422,1.4834e-05,3.042e-06,1.0834e-05,4928,125,1020
N200,cim,200,20,13,1,0,42,423,1.5084e-05,3.083e-06,1.1e-05,4928,125,1020
N200,cim,200,20,13,1,0,42,424,1.525e-05,3.167e-06,1.1125e-05,4928,125,1020
N200,cim,200,20,13,1,0,42,425,1.4917e-05,3.083e-06,1.0875e-05,4928,125,1020
N200,cim,200,20,13,1,0,42,426,1.5084e-05,3.083e-06,1.1e-05,4928,125,1020
N200,cim,200,20,13,1,0,42,427,1.5042e-05,3.083e-06,1.0959e-05,4928,125,1020
N200,cim,200,20,13,1,0,42,428,1.4958e-05,3.125e-06,1.0875e-05,4928,125,1020
N200,cim,200,20,13,1,0,42,429,1.4959e-05,3.083e-06,1.0875e-05,4928,125,1020
N200,cim,200,20,13,1,0,42,430,1.4917e-05,3.083e-06,1.0875e-05,4928,125,1020
N200,cim,200,20,13,1,0,42,431,1.5041e-05,3.209e-06,1.0875e-05,4928,125,1020
N200,cim,200,20,13,1,0,42,432,1.5042e-05,3.125e-06,1.0875e-05,4928,125,1020
N200,cim,200,20,13,1,0,42,433,1.5042e-05,3.166e-06,1.0833e-05,4928,125,1020
N200,cim,200,20,13,1,0,42,434,1.5041e-05,3.209e-06,1.0875e-05,4928,125,1020
N200,cim,200,20,13,1,0,42,435,1.4958e-05,3.125e-06,1.0833e-05,4928,125,1020
N200,cim,200,20,13,1,0,42,436,1.4959e-05,3.125e-06,1.0791e-05,4928,125,1020
N200,cim,200,20,13,1,0,42,437,1.4916e-05,3.125e-06,1.0834e-05,4928,125,1020
N200,cim,200,20,13,1,0,42,438,1.4958e-05,3.083e-06,1.0833e-05,4928,125,1020
N200,cim,200,20,13,1,0,42,439,1.4917e-05,3.083e-06,1.0833e-05,4928,125,1020
N200,cim,200,20,13,1,0,42,440,1.4916e-05,3.125e-06,1.0834e-05,4928,125,1020
N200,cim,200,20,13,1,0,42,441,1.5042e-05,3.166e-06,1.0875e-05,4928,125,1020
N200,cim,200,20,13,1,0,42,442,1.5042e-05,3.125e-06,1.0875e-05,4928,125,1020
N200,cim,200,20,13,1,0,42,443,1.4958e-05,3.125e-06,1.0875e-05,4928,125,1020
N200,cim,200,20,13,1,0,42,444,1.5e-05,3.167e-06,1.0833e-05,4928,125,1020
N200,cim,200,20,13,1,0,42,445,1.4958e-05,3.125e-06,1.0875e-05,4928,125,1020
N200,cim,200,20,13,1,0,42,446,1.4958e-05,3.042e-06,1.0875e-05,4928,125,1020
N200,cim,200,20,13,1,0,42,447,1.5042e-05,3.208e-06,1.0834e-05,4928,125,1020
N200,cim,200,20,13,1,0,42,448,1.4958e-05,3.083e-06,1.0875e-05,4928,125,1020
N200,cim,200,20,13,1,0,42,449,1.4917e-05,3.083e-06,1.0875e-05,4928,125,1020
N200,cim,200,20,13,1,0,42,450,1.4916e-05,3.084e-06,1.0875e-05,4928,125,1020
N200,cim,200,20,13,1,0,42,451,1.5292e-05,3.083e-06,1.1208e-05,4928,125,1020
N200,cim,200,20,13,1,0,42,452,1.5042e-05,3.208e-06,1.0833e-05,4928,125,1020
N200,cim,200,20,13,1,0,42,453,1.5041e-05,3.167e-06,1.0875e-05,4928,125,1020
N200,cim,200,20,13,1,0,42,454,1.5083e-05,3.25e-06,1.0833e-05,4928,125,1020
N200,cim,200,20,13,1,0,42,455,1.4959e-05,3.125e-06,1.0875e-05,4928,125,1020
N200,cim,200,20,13,1,0,42,456,1.5e-05,3.167e-06,1.0875e-05,4928,125,1020
N200,cim,200,20,13,1,0,42,457,1.4917e-05,3.083e-06,1.0875e-05,4928,125,1020
N200,cim,200,20,13,1,0,42,458,1.4917e-05,3.083e-06,1.0834e-05,4928,125,1020
N200,cim,200,20,13,1,0,42,459,1.5e-05,3.041e-06,1.0917e-05,4928,125,1020
N200,cim,200,20,13,1,0,42,460,1.5e-05,3.042e-06,1.0958e-05,4928,125,1020
N200,cim,200,20,13,1,0,42,461,1.4917e-05,3.042e-06,1.0833e-05,4928,125,1020
N200,cim,200,20,13,1,0,42,462,1.5083e-05,3.125e-06,1.0959e-05,4928,125,1020
N200,cim,200,20,13,1,0,42,463,1.5042e-05,3.166e-06,1.0917e-05,4928,125,1020
N200,cim,200,20,13,1,0,42,464,1.4917e-05,3.083e-06,1.0875e-05,4928,125,1020
N200,cim,200,20,13,1,0,42,465,1.4958e-05,3.084e-06,1.0916e-05,4928,125,1020
N200,cim,200,20,13,1,0,42,466,1.4958e-05,3.084e-06,1.0875e-05,4928,125,1020
N200,cim,200,20,13,1,0,42,467,1.5e-05,3.041e-06,1.0917e-05,4928,125,1020
N200,cim,200,20,13,1,0,42,468,1.5042e-05,3.083e-06,1.0958e-05,4928,125,1020
N200,cim,200,20,13,1,0,42,469,1.7833e-05,3.042e-06,1.3584e-05,4928,125,1020
N200,cim,200,20,13,1,0,42,470,1.5084e-05,3.125e-06,1.0958e-05,4928,125,1020
N200,cim,200,20,13,1,0,42,471,1.5125e-05,3.167e-06,1.1e-05,4928,125,1020
N200,cim,200,20,13,1,0,42,472,1.5292e-05,3.25e-06,1.1e-05,4928,125,1020
N200,cim,200,20,13,1,0,42,473,1.5209e-05,3.25e-06,1.0958e-05,4928,125,1020
N200,cim,200,20,13,1,0,42,474,1.5375e-05,3.375e-06,1.1042e-05,4928,125,1020
N200,cim,200,20,13,1,0,42,475,1.5334e-05,3.292e-06,1.1083e-05,4928,125,1020
N200,cim,200,20,13,1,0,42,476,1.5167e-05,3.208e-06,1.0917e-05,4928,125,1020
N200,cim,200,20,13,1,0,42,477,1.525e-05,3.25e-06,1.1041e-05,4928,125,1020
N200,cim,200,20,13,1,0,42,478,1.5125e-05,3.125e-06,1.1e-05,4928,125,1020
N200,cim,200,20,13,1,0,42,479,1.5292e-05,3.125e-06,1.1167e-05,4928,125,1020
N200,cim,200,20,13,1,0,42,480,1.5167e-05,3.125e-06,1.1042e-05,4928,125,1020
N200,cim,200,20,13,1,0,42,481,1.5208e-05,3.125e-06,1.1084e-05,4928,125,1020
N200,cim,200,20,13,1,0,42,482,1.5083e-05,3.125e-06,1.0959e-05,4928,125,1020
N200,cim,200,20,13,1,0,42,483,1.5333e-05,3.25e-06,1.1083e-05,4928,125,1020
N200,cim,200,20,13,1,0,42,484,1.5167e-05,3.125e-06,1.1041e-05,4928,125,1020
N200,cim,200,20,13,1,0,42,485,1.525e-05,3.125e-06,1.1125e-05,4928,125,1020
N200,cim,200,20,13,1,0,42,486,1.5167e-05,3.125e-06,1.1e-05,4928,125,1020
N200,cim,200,20,13,1,0,42,487,1.5166e-05,3.167e-06,1.0958e-05,4928,125,1020
N200,cim,200,20,13,1,0,42,488,1.5083e-05,3.125e-06,1.1e-05,4928,125,1020
N200,cim,200,20,13,1,0,42,489,1.5292e-05,3.125e-06,1.1084e-05,4928,125,1020
N200,cim,200,20,13,1,0,42,490,1.5209e-05,3.25e-06,1.0958e-05,4928,125,1020
N200,cim,200,20,13,1,0,42,491,1.5125e-05,3.167e-06,1.0958e-05,4928,125,1020
N200,cim,200,20,13,1,0,42,492,1.5167e-05,3.25e-06,1.0875e-05,4928,125,1020
N200,cim,200,20,13,1,0,42,493,1.5e-05,3.125e-06,1.0833e-05,4928,125,1020
N200,cim,200,20,13,1,0,42,494,1.4958e-05,3.167e-06,1.0833e-05,4928,125,1020
N200,cim,200,20,13,1,0,42,495,1.5083e-05,3.167e-06,1.0833e-05,4928,125,1020
N200,cim,200,20,13,1,0,42,496,1.4958e-05,3.084e-06,1.0875e-05,4928,125,1020
N200,cim,200,20,13,1,0,42,497,1.5084e-05,3.208e-06,1.0833e-05,4928,125,1020
N200,cim,200,20,13,1,0,42,498,1.4959e-05,3.042e-06,1.0958e-05,4928,125,1020
N200,cim,200,20,13,1,0,42,499,1.4916e-05,3.084e-06,1.0833e-05,4928,125,1020
N200,cim,200,20,13,1,0,42,500,1.5042e-05,3.041e-06,1.0958e-05,4928,125,1020
N200,cim,200,20,13,1,0,42,501,1.4916e-05,3.042e-06,1.0917e-05,4928,125,1020
N200,cim,200,20,13,1,0,42,502,1.4958e-05,3.041e-06,1.0959e-05,4928,125,1020
N200,cim,200,20,13,1,0,42,503,1.7167e-05,3.041e-06,1.2834e-05,4928,125,1020
N200,cim,200,20,13,1,0,42,504,1.5417e-05,3.459e-06,1.0958e-05,4928,125,1020
N200,cim,200,20,13,1,0,42,505,1.5167e-05,3.167e-06,1.1e-05,4928,125,1020
N200,cim,200,20,13,1,0,42,506,1.5083e-05,3.083e-06,1.0958e-05,4928,125,1020
N200,cim,200,20,13,1,0,42,507,1.5083e-05,3.083e-06,1.0958e-05,4928,125,1020
N200,cim,200,20,13,1,0,42,508,1.5125e-05,3.083e-06,1.0958e-05,4928,125,1020
N200,cim,200,20,13,1,0,42,509,1.5125e-05,3.166e-06,1.0959e-05,4928,125,1020
N200,cim,200,20,13,1,0,42,510,1.5208e-05,3.167e-06,1.1042e-05,4928,125,1020
N200,cim,200,20,13,1,0,42,511,1.5208e-05,3.209e-06,1.1041e-05,4928,125,1020
N200,cim,200,20,13,1,0,42,512,1.5166e-05,3.209e-06,1.0958e-05,4928,125,1020
N200,cim,200,20,13,1,0,42,513,1.525e-05,3.166e-06,1.1e-05,4928,125,1020
N200,cim,200,20,13,1,0,42,514,1.5083e-05,3.125e-06,1.0917e-05,4928,125,1020
N200,cim,200,20,13,1,0,42,515,1.5042e-05,3.083e-06,1.1e-05,4928,125,1020
N200,cim,200,20,13,1,0,42,516,1.5084e-05,3.083e-06,1.0958e-05,4928,125,1020
N200,cim,200,20,13,1,0,42,517,1.5125e-05,3.125e-06,1.1e-05,4928,125,1020
N200,cim,200,20,13,1,0,42,518,1.5084e-05,3.083e-06,1.0958e-05,4928,125,1020
N200,cim,200,20,13,1,0,42,519,1.5042e-05,3.083e-06,1.0959e-05,4928,125,1020
N200,cim,200,20,13,1,0,42,520,1.5125e-05,3.083e-06,1.1083e-05,4928,125,1020
N200,cim,200,20,13,1,0,42,521,1.5208e-05,3.209e-06,1.0958e-05,4928,125,1020
N200,cim,200,20,13,1,0,42,522,1.5167e-05,3.084e-06,1.1e-05,4928,125,1020
N200,cim,200,20,13,1,0,42,523,1.5166e-05,3.125e-06,1.1042e-05,4928,125,1020
N200,cim,200,20,13,1,0,42,524,1.5125e-05,3.125e-06,1.0959e-05,4928,125,1020
N200,cim,200,20,13,1,0,42,525,1.5125e-05,3.125e-06,1.0958e-05,4928,125,1020
N200,cim,200,20,13,1,0,42,526,1.5125e-05,3.125e-06,1.0916e-05,4928,125,1020
N200,cim,200,20,13,1,0,42,527,1.5125e-05,3.167e-06,1.1e-05,4928,125,1020
N200,cim,200,20,13,1,0,42,528,1.5208e-05,3.208e-06,1.1042e-05,4928,125,1020
N200,cim,200,20,13,1,0,42,529,1.5208e-05,3.166e-06,1.1042e-05,4928,125,1020
N200,cim,200,20,13,1,0,42,530,1.5083e-05,3.166e-06,1.0917e-05,4928,125,1020
N200,cim,200,20,13,1,0,42,531,1.4958e-05,3.125e-06,1.0875e-05,4928,125,1020
N200,cim,200,20,13,1,0,42,532,1.4959e-05,3.125e-06,1.0833e-05,4928,125,1020
N200,cim,200,20,13,1,0,42,533,1.4917e-05,3.083e-06,1.0792e-05,4928,125,1020
N200,cim,200,20,13,1,0,42,534,1.4875e-05,3.042e-06,1.0833e-05,4928,125,1020
N200,cim,200,20,13,1,0,42,535,1.4875e-05,3.042e-06,1.0875e-05,4928,125,1020
N200,cim,200,20,13,1,0,42,536,1.4917e-05,3.042e-06,1.0916e-05,4928,125,1020
N200,cim,200,20,13,1,0,42,537,1.4916e-05,3.042e-06,1.0833e-05,4928,125,1020
N200,cim,200,20,13,1,0,42,538,1.4917e-05,3.042e-06,1.0834e-05,4928,125,1020
N200,cim,200,20,13,1,0,42,539,1.4917e-05,3.083e-06,1.0833e-05,4928,125,1020
N200,cim,200,20,13,1,0,42,540,1.4916e-05,3.084e-06,1.0833e-05,4928,125,1020
N200,cim,200,20,13,1,0,42,541,1.5e-05,3.083e-06,1.0959e-05,4928,125,1020
N200,cim,200,20,13,1,0,42,542,1.4875e-05,3.041e-06,1.0875e-05,4928,125,1020
N200,cim,200,20,13,1,0,42,543,1.4958e-05,3.084e-06,1.0875e-05,4928,125,1020
N200,cim,200,20,13,1,0,42,544,1.5042e-05,3.166e-06,1.0833e-05,4928,125,1020
N200,cim,200,20,13,1,0,42,545,1.4958e-05,3.084e-06,1.0834e-05,4928,125,1020
N200,cim,200,20,13,1,0,42,546,1.4958e-05,3.125e-06,1.0875e-05,4928,125,1020
N200,cim,200,20,13,1,0,42,547,1.5e-05,3.083e-06,1.0875e-05,4928,125,1020
N200,cim,200,20,13,1,0,42,548,1.4959e-05,3.125e-06,1.0875e-05,4928,125,1020
N200,cim,200,20,13,1,0,42,549,1.5166e-05,3.083e-06,1.0834e-05,4928,125,1020
N200,cim,200,20,13,1,0,42,550,1.7458e-05,3.916e-06,1.2459e-05,4928,125,1020
N200,cim,200,20,13,1,0,42,551,1.5209e-05,3.167e-06,1.1041e-05,4928,125,1020
N200,cim,200,20,13,1,0,42,552,1.5167e-05,3.166e-06,1.0958e-05,4928,125,1020
N200,cim,200,20,13,1,0,42,553,1.5083e-05,3.083e-06,1.0958e-05,4928,125,1020
N200,cim,200,20,13,1,0,42,554,1.5083e-05,3.083e-06,1.1e-05,4928,125,1020
N200,cim,200,20,13,1,0,42,555,1.5125e-05,3.083e-06,1.1e-05,4928,125,1020
N200,cim,200,20,13,1,0,42,556,1.5167e-05,3.166e-06,1.0959e-05,4928,125,1020
N200,cim,200,20,13,1,0,42,557,1.5041e-05,3.084e-06,1.1e-05,4928,125,1020
N200,cim,200,20,13,1,0,42,558,1.5083e-05,3.042e-06,1.1e-05,4928,125,1020
N200,cim,200,20,13,1,0,42,559,1.6375e-05,3.084e-06,1.1875e-05,4928,125,1020
N200,cim,200,20,13,1,0,42,560,2.125e-05,4.417e-06,1.5333e-05,4928,125,1020
N200,cim,200,20,13,1,0,42,561,2.1083e-05,4.375e-06,1.5292e-05,4928,125,1020
N200,cim,200,20,13,1,0,42,562,1.6875e-05,3.833e-06,1.1625e-05,4928,125,1020
N200,cim,200,20,13,1,0,42,563,2.1125e-05,4.375e-06,1.5333e-05,4928,125,1020
N200,cim,200,20,13,1,0,42,564,1.7333e-05,3.792e-06,1.2417e-05,4928,125,1020
N200,cim,200,20,13,1,0,42,565,1.7125e-05,3.542e-06,1.2416e-05,4928,125,1020
N200,cim,200,20,13,1,0,42,566,1.7083e-05,3.541e-06,1.2375e-05,4928,125,1020
N200,cim,200,20,13,1,0,42,567,1.7041e-05,3.583e-06,1.2292e-05,4928,125,1020
N200,cim,200,20,13,1,0,42,568,1.7041e-05,3.583e-06,1.2334e-05,4928,125,1020
N200,cim,200,20,13,1,0,42,569,1.7041e-05,3.583e-06,1.225e-05,4928,125,1020
N200,cim,200,20,13,1,0,42,570,1.7e-05,3.584e-06,1.2291e-05,4928,125,1020
N200,cim,200,20,13,1,0,42,571,1.7167e-05,3.708e-06,1.2375e-05,4928,125,1020
N200,cim,200,20,13,1,0,42,572,1.6958e-05,3.5e-06,1.2292e-05,4928,125,1020
N200,cim,200,20,13,1,0,42,573,1.7041e-05,3.5e-06,1.2417e-05,4928,125,1020
N200,cim,200,20,13,1,0,42,574,1.5291e-05,3.292e-06,1.1e-05,4928,125,1020
N200,cim,200,20,13,1,0,42,575,1.5042e-05,3.083e-06,1.1e-05,4928,125,1020
N200,cim,200,20,13,1,0,42,576,1.5084e-05,3.125e-06,1.1e-05,4928,125,1020
N200,cim,200,20,13,1,0,42,577,1.5209e-05,3.125e-06,1.1041e-05,4928,125,1020
N200,cim,200,20,13,1,0,42,578,1.6875e-05,3.125e-06,1.2625e-05,4928,125,1020
N200,cim,200,20,13,1,0,42,579,1.5084e-05,3.083e-06,1.0958e-05,4928,125,1020
N200,cim,200,20,13,1,0,42,580,1.5083e-05,3.042e-06,1.0959e-05,4928,125,1020
N200,cim,200,20,13,1,0,42,581,1.5042e-05,3.084e-06,1.0958e-05,4928,125,1020
N200,cim,200,20,13,1,0,42,582,1.5041e-05,3.084e-06,1.0958e-05,4928,125,1020
N200,cim,200,20,13,1,0,42,583,1.5084e-05,3.083e-06,1.0958e-05,4928,125,1020
N200,cim,200,20,13,1,0,42,584,1.5083e-05,3.083e-06,1.0958e-05,4928,125,1020
N200,cim,200,20,13,1,0,42,585,1.5125e-05,3.125e-06,1.1042e-05,4928,125,1020
N200,cim,200,20,13,1,0,42,586,1.5125e-05,3.166e-06,1.0959e-05,4928,125,1020
N200,cim,200,20,13,1,0,42,587,1.5125e-05,3.167e-06,1.0958e-05,4928,125,1020
N200,cim,200,20,13,1,0,42,588,1.5084e-05,3.167e-06,1.0875e-05,4928,125,1020
N200,cim,200,20,13,1,0,42,589,1.5167e-05,3.167e-06,1.1e-05,4928,125,1020
N200,cim,200,20,13,1,0,42,590,1.5208e-05,3.292e-06,1.0917e-05,4928,125,1020
N200,cim,200,20,13,1,0,42,591,1.5208e-05,3.167e-06,1.1042e-05,4928,125,1020
N200,cim,200,20,13,1,0,42,592,1.5042e-05,3.042e-06,1.0916e-05,4928,125,1020
N200,cim,200,20,13,1,0,42,593,1.525e-05,3.167e-06,1.1e-05,4928,125,1020
N200,cim,200,20,13,1,0,42,594,1.5125e-05,3.125e-06,1.0958e-05,4928,125,1020
N200,cim,200,20,13,1,0,42,595,1.5083e-05,3.125e-06,1.0959e-05,4928,125,1020
N200,cim,200,20,13,1,0,42,596,1.5125e-05,3.125e-06,1.0959e-05,4928,125,1020
N200,cim,200,20,13,1,0,42,597,1.5083e-05,3.125e-06,1.0917e-05,4928,125,1020
N200,cim,200,20,13,1,0,42,598,1.5125e-05,3.125e-06,1.0959e-05,4928,125,1020
N200,cim,200,20,13,1,0,42,599,1.5125e-05,3.125e-06,1.0959e-05,4928,125,1020
N200,cim,200,20,13,1,0,42,600,1.5083e-05,3.125e-06,1.0917e-05,4928,125,1020
N200,cim,200,20,13,1,0,42,601,1.4958e-05,3.125e-06,1.0834e-05,4928,125,1020
N200,cim,200,20,13,1,0,42,602,1.4917e-05,3.083e-06,1.0833e-05,4928,125,1020
N200,cim,200,20,13,1,0,42,603,1.4959e-05,3.125e-06,1.0833e-05,4928,125,1020
N200,cim,200,20,13,1,0,42,604,1.4959e-05,3.125e-06,1.0833e-05,4928,125,1020
N200,cim,200,20,13,1,0,42,605,1.5e-05,3.167e-06,1.0875e-05,4928,125,1020
N200,cim,200,20,13,1,0,42,606,1.4917e-05,3.083e-06,1.0833e-05,4928,125,1020
N200,cim,200,20,13,1,0,42,607,1.5e-05,3.125e-06,1.0834e-05,4928,125,1020
N200,cim,200,20,13,1,0,42,608,1.5041e-05,3.25e-06,1.0792e-05,4928,125,1020
N200,cim,200,20,13,1,0,42,609,1.4917e-05,3.125e-06,1.0792e-05,4928,125,1020
N200,cim,200,20,13,1,0,42,610,1.4958e-05,3.166e-06,1.0792e-05,4928,125,1020
N200,cim,200,20,13,1,0,42,611,1.4959e-05,3.125e-06,1.0833e-05,4928,125,1020
N200,cim,200,20,13,1,0,42,612,1.4916e-05,3.084e-06,1.0792e-05,4928,125,1020
N200,cim,200,20,13,1,0,42,613,1.4959e-05,3.125e-06,1.0875e-05,4928,125,1020
N200,cim,200,20,13,1,0,42,614,1.4917e-05,3.083e-06,1.0834e-05,4928,125,1020
N200,cim,200,20,13,1,0,42,615,1.4916e-05,3.084e-06,1.0833e-05,4928,125,1020
N200,cim,200,20,13,1,0,42,616,1.4959e-05,3.125e-06,1.0833e-05,4928,125,1020
N200,cim,200,20,13,1,0,42,617,1.4916e-05,3.084e-06,1.0792e-05,4928,125,1020
N200,cim,200,20,13,1,0,42,618,1.4959e-05,3.083e-06,1.0875e-05,4928,125,1020
N200,cim,200,20,13,1,0,42,619,1.4917e-05,3.042e-06,1.0834e-05,4928,125,1020
N200,cim,200,20,13,1,0,42,620,1.4958e-05,3.041e-06,1.0875e-05,4928,125,1020
N200,cim,200,20,13,1,0,42,621,1.4917e-05,3.083e-06,1.0834e-05,4928,125,1020
N200,cim,200,20,13,1,0,42,622,1.4875e-05,3.084e-06,1.0833e-05,4928,125,1020
N200,cim,200,20,13,1,0,42,623,1.4959e-05,3.125e-06,1.0791e-05,4928,125,1020
N200,cim,200,20,13,1,0,42,624,1.5041e-05,3.167e-06,1.0833e-05,4928,125,1020
N200,cim,200,20,13,1,0,42,625,1.5e-05,3.167e-06,1.0833e-05,4928,125,1020
N200,cim,200,20,13,1,0,42,626,1.5084e-05,3.166e-06,1.0917e-05,4928,125,1020
N200,cim,200,20,13,1,0,42,627,1.5e-05,3.167e-06,1.0833e-05,4928,125,1020
N200,cim,200,20,13,1,0,42,628,1.4958e-05,3.167e-06,1.0792e-05,4928,125,1020
N200,cim,200,20,13,1,0,42,629,1.5167e-05,3.375e-06,1.0791e-05,4928,125,1020
N200,cim,200,20,13,1,0,42,630,1.4916e-05,3.084e-06,1.0834e-05,4928,125,1020
N200,cim,200,20,13,1,0,42,631,1.4958e-05,3.083e-06,1.0833e-05,4928,125,1020
N200,cim,200,20,13,1,0,42,632,1.4917e-05,3.083e-06,1.0833e-05,4928,125,1020
N200,cim,200,20,13,1,0,42,633,1.4916e-05,3.084e-06,1.0833e-05,4928,125,1020
N200,cim,200,20,13,1,0,42,634,1.4917e-05,3.083e-06,1.0834e-05,4928,125,1020
N200,cim,200,20,13,1,0,42,635,1.4958e-05,3.083e-06,1.0875e-05,4928,125,1020
N200,cim,200,20,13,1,0,42,636,1.4834e-05,3.042e-06,1.0833e-05,4928,125,1020
N200,cim,200,20,13,1,0,42,637,1.4875e-05,3.042e-06,1.0833e-05,4928,125,1020
N200,cim,200,20,13,1,0,42,638,1.4916e-05,3.042e-06,1.0833e-05,4928,125,1020
N200,cim,200,20,13,1,0,42,639,1.4916e-05,3.084e-06,1.0875e-05,4928,125,1020
N200,cim,200,20,13,1,0,42,640,1.5e-05,3.125e-06,1.0792e-05,4928,125,1020
N200,cim,200,20,13,1,0,42,641,1.5e-05,3.125e-06,1.0833e-05,4928,125,1020
N200,cim,200,20,13,1,0,42,642,1.5e-05,3.125e-06,1.0833e-05,4928,125,1020
N200,cim,200,20,13,1,0,42,643,1.5e-05,3.125e-06,1.0833e-05,4928,125,1020
N200,cim,200,20,13,1,0,42,644,1.5084e-05,3.208e-06,1.0875e-05,4928,125,1020
N200,cim,200,20,13,1,0,42,645,1.4875e-05,3.083e-06,1.0792e-05,4928,125,1020
N200,cim,200,20,13,1,0,42,646,1.5083e-05,3.291e-06,1.0792e-05,4928,125,1020
N200,cim,200,20,13,1,0,42,647,1.775e-05,3.167e-06,1.3333e-05,4928,125,1020
N200,cim,200,20,13,1,0,42,648,1.7209e-05,4.083e-06,1.2083e-05,4928,125,1020
N200,cim,200,20,13,1,0,42,649,1.8166e-05,3.292e-06,1.3625e-05,4928,125,1020
N200,cim,200,20,13,1,0,42,650,1.6708e-05,3.875e-06,1.1792e-05,4928,125,1020
N200,cim,200,20,13,1,0,42,651,1.4917e-05,3.083e-06,1.0792e-05,4928,125,1020
N200,cim,200,20,13,1,0,42,652,1.4875e-05,3.083e-06,1.0833e-05,4928,125,1020
N200,cim,200,20,13,1,0,42,653,1.4916e-05,3.042e-06,1.0875e-05,4928,125,1020
N200,cim,200,20,13,1,0,42,654,1.4917e-05,3.041e-06,1.0875e-05,4928,125,1020
N200,cim,200,20,13,1,0,42,655,1.5333e-05,3.042e-06,1.1042e-05,4928,125,1020
N200,cim,200,20,13,1,0,42,656,1.8834e-05,3.833e-06,1.3666e-05,4928,125,1020
N200,cim,200,20,13,1,0,42,657,1.6375e-05,3.417e-06,1.175e-05,4928,125,1020
N200,cim,200,20,13,1,0,42,658,1.875e-05,3.875e-06,1.3708e-05,4928,125,1020
N200,cim,200,20,13,1,0,42,659,1.5084e-05,3.167e-06,1.0916e-05,4928,125,1020
N200,cim,200,20,13,1,0,42,660,1.5083e-05,3.125e-06,1.0958e-05,4928,125,1020
N200,cim,200,20,13,1,0,42,661,1.4958e-05,3.125e-06,1.0875e-05,4928,125,1020
N200,cim,200,20,13,1,0,42,662,1.5042e-05,3.083e-06,1.0958e-05,4928,125,1020
N200,cim,200,20,13,1,0,42,663,1.5167e-05,3.291e-06,1.0917e-05,4928,125,1020
N200,cim,200,20,13,1,0,42,664,1.5084e-05,3.167e-06,1.0917e-05,4928,125,1020
N200,cim,200,20,13,1,0,42,665,1.4958e-05,3.167e-06,1.0791e-05,4928,125,1020
N200,cim,200,20,13,1,0,42,666,1.5e-05,3.209e-06,1.0833e-05,4928,125,1020
N200,cim,200,20,13,1,0,42,667,1.5083e-05,3.167e-06,1.0833e-05,4928,125,1020
N200,cim,200,20,13,1,0,42,668,1.875e-05,3.834e-06,1.3708e-05,4928,125,1020
N200,cim,200,20,13,1,0,42,669,1.8375e-05,3.75e-06,1.3375e-05,4928,125,1020
N200,cim,200,20,13,1,0,42,670,1.7209e-05,3.167e-06,1.2666e-05,4928,125,1020
N200,cim,200,20,13,1,0,42,671,2.0916e-05,4.333e-06,1.525e-05,4928,125,1020
N200,cim,200,20,13,1,0,42,672,1.6916e-05,3.458e-06,1.2334e-05,4928,125,1020
N200,cim,200,20,13,1,0,42,673,1.6916e-05,3.458e-06,1.2292e-05,4928,125,1020
N200,cim,200,20,13,1,0,42,674,1.6958e-05,3.458e-06,1.2334e-05,4928,125,1020
N200,cim,200,20,13,1,0,42,675,2.2291e-05,8.875e-06,1.2334e-05,4928,125,1020
N200,cim,200,20,13,1,0,42,676,1.6958e-05,3.458e-06,1.2334e-05,4928,125,1020
N200,cim,200,20,13,1,0,42,677,1.6875e-05,3.416e-06,1.2334e-05,4928,125,1020
N200,cim,200,20,13,1,0,42,678,1.6916e-05,3.5e-06,1.2334e-05,4928,125,1020
N200,cim,200,20,13,1,0,42,679,1.6958e-05,3.458e-06,1.2333e-05,4928,125,1020
N200,cim,200,20,13,1,0,42,680,1.6958e-05,3.459e-06,1.2375e-05,4928,125,1020
N200,cim,200,20,13,1,0,42,681,1.7125e-05,3.5e-06,1.2458e-05,4928,125,1020
N200,cim,200,20,13,1,0,42,682,1.7333e-05,3.542e-06,1.2584e-05,4928,125,1020
N200,cim,200,20,13,1,0,42,683,1.725e-05,3.666e-06,1.2333e-05,4928,125,1020
N200,cim,200,20,13,1,0,42,684,1.6917e-05,3.583e-06,1.225e-05,4928,125,1020
N200,cim,200,20,13,1,0,42,685,1.7e-05,3.5e-06,1.2334e-05,4928,125,1020
N200,cim,200,20,13,1,0,42,686,1.7084e-05,3.583e-06,1.2375e-05,4928,125,1020
N200,cim,200,20,13,1,0,42,687,1.7e-05,3.584e-06,1.225e-05,4928,125,1020
N200,cim,200,20,13,1,0,42,688,1.6917e-05,3.583e-06,1.225e-05,4928,125,1020
N200,cim,200,20,13,1,0,42,689,1.7e-05,3.584e-06,1.225e-05,4928,125,1020
N200,cim,200,20,13,1,0,42,690,1.6917e-05,3.5e-06,1.225e-05,4928,125,1020
N200,cim,200,20,13,1,0,42,691,1.7083e-05,3.666e-06,1.225e-05,4928,125,1020
N200,cim,200,20,13,1,0,42,692,1.7083e-05,3.625e-06,1.2375e-05,4928,125,1020
N200,cim,200,20,13,1,0,42,693,1.6917e-05,3.5e-06,1.2291e-05,4928,125,1020
N200,cim,200,20,13,1,0,42,694,1.6958e-05,3.5e-06,1.2292e-05,4928,125,1020
N200,cim,200,20,13,1,0,42,695,1.7e-05,3.542e-06,1.225e-05,4928,125,1020
N200,cim,200,20,13,1,0,42,696,1.6875e-05,3.458e-06,1.225e-05,4928,125,1020
N200,cim,200,20,13,1,0,42,697,1.7042e-05,3.416e-06,1.2458e-05,4928,125,1020
N200,cim,200,20,13,1,0,42,698,1.7e-05,3.541e-06,1.2292e-05,4928,125,1020
N200,cim,200,20,13,1,0,42,699,1.6958e-05,3.542e-06,1.2292e-05,4928,125,1020
N200,cim,200,20,13,1,0,42,700,1.6959e-05,3.542e-06,1.2291e-05,4928,125,1020
N200,cim,200,20,13,1,0,42,701,1.6958e-05,3.583e-06,1.225e-05,4928,125,1020
N200,cim,200,20,13,1,0,42,702,1.7083e-05,3.583e-06,1.2417e-05,4928,125,1020
N200,cim,200,20,13,1,0,42,703,1.6916e-05,3.542e-06,1.225e-05,4928,125,1020
N200,cim,200,20,13,1,0,42,704,1.6916e-05,3.542e-06,1.225e-05,4928,125,1020
N200,cim,200,20,13,1,0,42,705,1.7083e-05,3.584e-06,1.2416e-05,4928,125,1020
N200,cim,200,20,13,1,0,42,706,1.7125e-05,3.708e-06,1.225e-05,4928,125,1020
N200,cim,200,20,13,1,0,42,707,1.7125e-05,3.583e-06,1.2417e-05,4928,125,1020
N200,cim,200,20,13,1,0,42,708,1.6958e-05,3.542e-06,1.2292e-05,4928,125,1020
N200,cim,200,20,13,1,0,42,709,1.6958e-05,3.458e-06,1.2375e-05,4928,125,1020
N200,cim,200,20,13,1,0,42,710,1.6959e-05,3.458e-06,1.2375e-05,4928,125,1020
N200,cim,200,20,13,1,0,42,711,1.7125e-05,3.584e-06,1.2375e-05,4928,125,1020
N200,cim,200,20,13,1,0,42,712,1.7e-05,3.625e-06,1.2292e-05,4928,125,1020
N200,cim,200,20,13,1,0,42,713,1.7041e-05,3.542e-06,1.2375e-05,4928,125,1020
N200,cim,200,20,13,1,0,42,714,1.7083e-05,3.583e-06,1.2333e-05,4928,125,1020
N200,cim,200,20,13,1,0,42,715,1.7e-05,3.541e-06,1.2292e-05,4928,125,1020
N200,cim,200,20,13,1,0,42,716,1.7084e-05,3.5e-06,1.25e-05,4928,125,1020
N200,cim,200,20,13,1,0,42,717,1.7083e-05,3.5e-06,1.2375e-05,4928,125,1020
N200,cim,200,20,13,1,0,42,718,1.7041e-05,3.583e-06,1.2334e-05,4928,125,1020
N200,cim,200,20,13,1,0,42,719,1.7042e-05,3.542e-06,1.2334e-05,4928,125,1020
N200,cim,200,20,13,1,0,42,720,1.6959e-05,3.541e-06,1.2292e-05,4928,125,1020
N200,cim,200,20,13,1,0,42,721,1.7209e-05,3.75e-06,1.2375e-05,4928,125,1020
N200,cim,200,20,13,1,0,42,722,1.6958e-05,3.583e-06,1.2208e-05,4928,125,1020
N200,cim,200,20,13,1,0,42,723,1.7e-05,3.542e-06,1.225e-05,4928,125,1020
N200,cim,200,20,13,1,0,42,724,1.6916e-05,3.542e-06,1.225e-05,4928,125,1020
N200,cim,200,20,13,1,0,42,725,1.7083e-05,3.709e-06,1.225e-05,4928,125,1020
N200,cim,200,20,13,1,0,42,726,1.6959e-05,3.542e-06,1.2291e-05,4928,125,1020
N200,cim,200,20,13,1,0,42,727,1.6917e-05,3.458e-06,1.2333e-05,4928,125,1020
N200,cim,200,20,13,1,0,42,728,1.6917e-05,3.5e-06,1.2292e-05,4928,125,1020
N200,cim,200,20,13,1,0,42,729,1.7e-05,3.459e-06,1.2375e-05,4928,125,1020
N200,cim,200,20,13,1,0,42,730,1.6917e-05,3.458e-06,1.2292e-05,4928,125,1020
N200,cim,200,20,13,1,0,42,731,1.7084e-05,3.5e-06,1.2458e-05,4928,125,1020
N200,cim,200,20,13,1,0,42,732,1.6917e-05,3.458e-06,1.2291e-05,4928,125,1020
N200,cim,200,20,13,1,0,42,733,1.6917e-05,3.5e-06,1.2291e-05,4928,125,1020
N200,cim,200,20,13,1,0,42,734,1.7042e-05,3.541e-06,1.2417e-05,4928,125,1020
N200,cim,200,20,13,1,0,42,735,1.6958e-05,3.458e-06,1.2375e-05,4928,125,1020
N200,cim,200,20,13,1,0,42,736,1.6958e-05,3.542e-06,1.2291e-05,4928,125,1020
N200,cim,200,20,13,1,0,42,737,1.7042e-05,3.5e-06,1.2375e-05,4928,125,1020
N200,cim,200,20,13,1,0,42,738,1.7125e-05,3.625e-06,1.2292e-05,4928,125,1020
N200,cim,200,20,13,1,0,42,739,1.7042e-05,3.584e-06,1.2333e-05,4928,125,1020
N200,cim,200,20,13,1,0,42,740,1.6958e-05,3.541e-06,1.2292e-05,4928,125,1020
N200,cim,200,20,13,1,0,42,741,1.7041e-05,3.542e-06,1.2333e-05,4928,125,1020
N200,cim,200,20,13,1,0,42,742,1.6958e-05,3.584e-06,1.2291e-05,4928,125,1020
N200,cim,200,20,13,1,0,42,743,1.7084e-05,3.583e-06,1.225e-05,4928,125,1020
N200,cim,200,20,13,1,0,42,744,1.6917e-05,3.583e-06,1.225e-05,4928,125,1020
N200,cim,200,20,13,1,0,42,745,1.7e-05,3.584e-06,1.2292e-05,4928,125,1020
N200,cim,200,20,13,1,0,42,746,1.6917e-05,3.5e-06,1.2291e-05,4928,125,1020
N200,cim,200,20,13,1,0,42,747,1.7125e-05,3.458e-06,1.225e-05,4928,125,1020
N200,cim,200,20,13,1,0,42,748,1.9375e-05,3.459e-06,1.4541e-05,4928,125,1020
N200,cim,200,20,13,1,0,42,749,2.0958e-05,4.292e-06,1.525e-05,4928,125,1020
N200,cim,200,20,13,1,0,42,750,2.1e-05,4.334e-06,1.5291e-05,4928,125,1020
N200,cim,200,20,13,1,0,42,751,1.875e-05,4.167e-06,1.3541e-05,4928,125,1020
N200,cim,200,20,13,1,0,42,752,1.4958e-05,3.125e-06,1.0834e-05,4928,125,1020
N200,cim,200,20,13,1,0,42,753,1.4875e-05,3.041e-06,1.0833e-05,4928,125,1020
N200,cim,200,20,13,1,0,42,754,1.4917e-05,3.084e-06,1.0833e-05,4928,125,1020
N200,cim,200,20,13,1,0,42,755,1.5084e-05,3.125e-06,1.1e-05,4928,125,1020
N200,cim,200,20,13,1,0,42,756,1.4875e-05,3.042e-06,1.0834e-05,4928,125,1020
N200,cim,200,20,13,1,0,42,757,1.4917e-05,3.083e-06,1.0833e-05,4928,125,1020
N200,cim,200,20,13,1,0,42,758,1.4875e-05,3.084e-06,1.0791e-05,4928,125,1020
N200,cim,200,20,13,1,0,42,759,1.5041e-05,3.209e-06,1.0875e-05,4928,125,1020
N200,cim,200,20,13,1,0,42,760,1.5042e-05,3.166e-06,1.0875e-05,4928,125,1020
N200,cim,200,20,13,1,0,42,761,1.5e-05,3.167e-06,1.0833e-05,4928,125,1020
N200,cim,200,20,13,1,0,42,762,1.5e-05,3.167e-06,1.0833e-05,4928,125,1020
N200,cim,200,20,13,1,0,42,763,1.4958e-05,3.167e-06,1.0792e-05,4928,125,1020
N200,cim,200,20,13,1,0,42,764,1.4958e-05,3.166e-06,1.0792e-05,4928,125,1020
N200,cim,200,20,13,1,0,42,765,1.4917e-05,3.042e-06,1.0875e-05,4928,125,1020
N200,cim,200,20,13,1,0,42,766,1.4917e-05,3.083e-06,1.0791e-05,4928,125,1020
N200,cim,200,20,13,1,0,42,767,1.4916e-05,3.084e-06,1.0833e-05,4928,125,1020
N200,cim,200,20,13,1,0,42,768,1.4959e-05,3.125e-06,1.0833e-05,4928,125,1020
N200,cim,200,20,13,1,0,42,769,1.4875e-05,3.084e-06,1.0833e-05,4928,125,1020
N200,cim,200,20,13,1,0,42,770,1.4875e-05,3.042e-06,1.0833e-05,4928,125,1020
N200,cim,200,20,13,1,0,42,771,1.4916e-05,3.042e-06,1.0875e-05,4928,125,1020
N200,cim,200,20,13,1,0,42,772,1.4917e-05,3.083e-06,1.0833e-05,4928,125,1020
N200,cim,200,20,13,1,0,42,773,1.4916e-05,3.084e-06,1.0833e-05,4928,125,1020
N200,cim,200,20,13,1,0,42,774,1.4917e-05,3.042e-06,1.0875e-05,4928,125,1020
N200,cim,200,20,13,1,0,42,775,1.4958e-05,3.042e-06,1.0833e-05,4928,125,1020
N200,cim,200,20,13,1,0,42,776,1.5e-05,3.125e-06,1.0875e-05,4928,125,1020
N200,cim,200,20,13,1,0,42,777,1.4917e-05,3.125e-06,1.0833e-05,4928,125,1020
N200,cim,200,20,13,1,0,42,778,1.4958e-05,3.125e-06,1.0833e-05,4928,125,1020
N200,cim,200,20,13,1,0,42,779,1.4959e-05,3.125e-06,1.0875e-05,4928,125,1020
N200,cim,200,20,13,1,0,42,780,1.4875e-05,3.125e-06,1.0792e-05,4928,125,1020
N200,cim,200,20,13,1,0,42,781,1.4917e-05,3.125e-06,1.0833e-05,4928,125,1020
N200,cim,200,20,13,1,0,42,782,1.4916e-05,3.125e-06,1.0792e-05,4928,125,1020
N200,cim,200,20,13,1,0,42,783,1.4917e-05,3.125e-06,1.0833e-05,4928,125,1020
N200,cim,200,20,13,1,0,42,784,1.4916e-05,3.084e-06,1.0833e-05,4928,125,1020
N200,cim,200,20,13,1,0,42,785,1.4917e-05,3.125e-06,1.0792e-05,4928,125,1020
N200,cim,200,20,13,1,0,42,786,1.4917e-05,3.083e-06,1.0833e-05,4928,125,1020
N200,cim,200,20,13,1,0,42,787,1.4875e-05,3.042e-06,1.0875e-05,4928,125,1020
N200,cim,200,20,13,1,0,42,788,1.4916e-05,3.084e-06,1.0833e-05,4928,125,1020
N200,cim,200,20,13,1,0,42,789,1.4875e-05,3.042e-06,1.0834e-05,4928,125,1020
N200,cim,200,20,13,1,0,42,790,1.4917e-05,3.083e-06,1.0833e-05,4928,125,1020
N200,cim,200,20,13,1,0,42,791,1.4958e-05,3.083e-06,1.0875e-05,4928,125,1020
N200,cim,200,20,13,1,0,42,792,1.4958e-05,3.125e-06,1.0834e-05,4928,125,1020
N200,cim,200,20,13,1,0,42,793,1.4917e-05,3.125e-06,1.0833e-05,4928,125,1020
N200,cim,200,20,13,1,0,42,794,1.4958e-05,3.083e-06,1.0834e-05,4928,125,1020
N200,cim,200,20,13,1,0,42,795,1.5e-05,3.125e-06,1.0875e-05,4928,125,1020
N200,cim,200,20,13,1,0,42,796,1.4917e-05,3.083e-06,1.0791e-05,4928,125,1020
N200,cim,200,20,13,1,0,42,797,1.4958e-05,3.083e-06,1.0875e-05,4928,125,1020
N200,cim,200,20,13,1,0,42,798,1.4958e-05,3.125e-06,1.0834e-05,4928,125,1020
N200,cim,200,20,13,1,0,42,799,1.4875e-05,3.083e-06,1.0791e-05,4928,125,1020
N200,cim,200,20,13,1,0,42,800,1.4917e-05,3.084e-06,1.075e-05,4928,125,1020
N200,cim,200,20,13,1,0,42,801,1.5e-05,3.209e-06,1.0791e-05,4928,125,1020
N200,cim,200,20,13,1,0,42,802,1.5e-05,3.167e-06,1.0791e-05,4928,125,1020
N200,cim,200,20,13,1,0,42,803,1.4958e-05,3.125e-06,1.0834e-05,4928,125,1020
N200,cim,200,20,13,1,0,42,804,1.4875e-05,3.083e-06,1.0833e-05,4928,125,1020
N200,cim,200,20,13,1,0,42,805,1.4917e-05,3.084e-06,1.0833e-05,4928,125,1020
N200,cim,200,20,13,1,0,42,806,1.4916e-05,3.125e-06,1.0834e-05,4928,125,1020
N200,cim,200,20,13,1,0,42,807,1.4917e-05,3.083e-06,1.0791e-05,4928,125,1020
N200,cim,200,20,13,1,0,42,808,1.5e-05,3.167e-06,1.0875e-05,4928,125,1020
N200,cim,200,20,13,1,0,42,809,1.5083e-05,3.083e-06,1.0917e-05,4928,125,1020
N200,cim,200,20,13,1,0,42,810,1.4958e-05,3.084e-06,1.0833e-05,4928,125,1020
N200,cim,200,20,13,1,0,42,811,1.5e-05,3.167e-06,1.0792e-05,4928,125,1020
N200,cim,200,20,13,1,0,42,812,1.4959e-05,3.125e-06,1.0833e-05,4928,125,1020
N200,cim,200,20,13,1,0,42,813,1.4916e-05,3.125e-06,1.0834e-05,4928,125,1020
N200,cim,200,20,13,1,0,42,814,1.4958e-05,3.125e-06,1.0833e-05,4928,125,1020
N200,cim,200,20,13,1,0,42,815,1.5e-05,3.125e-06,1.0833e-05,4928,125,1020
N200,cim,200,20,13,1,0,42,816,1.4959e-05,3.125e-06,1.0833e-05,4928,125,1020
N200,cim,200,20,13,1,0,42,817,1.4958e-05,3.083e-06,1.0834e-05,4928,125,1020
N200,cim,200,20,13,1,0,42,818,1.4917e-05,3.125e-06,1.075e-05,4928,125,1020
N200,cim,200,20,13,1,0,42,819,1.4958e-05,3.167e-06,1.0791e-05,4928,125,1020
N200,cim,200,20,13,1,0,42,820,1.4958e-05,3.167e-06,1.0792e-05,4928,125,1020
N200,cim,200,20,13,1,0,42,821,1.4958e-05,3.166e-06,1.0792e-05,4928,125,1020
N200,cim,200,20,13,1,0,42,822,1.5083e-05,3.25e-06,1.0792e-05,4928,125,1020
N200,cim,200,20,13,1,0,42,823,1.4959e-05,3.125e-06,1.0833e-05,4928,125,1020
N200,cim,200,20,13,1,0,42,824,1.5e-05,3.083e-06,1.0875e-05,4928,125,1020
N200,cim,200,20,13,1,0,42,825,1.5041e-05,3.125e-06,1.0917e-05,4928,125,1020
N200,cim,200,20,13,1,0,42,826,1.4959e-05,3.083e-06,1.0833e-05,4928,125,1020
N200,cim,200,20,13,1,0,42,827,1.4958e-05,3.125e-06,1.0834e-05,4928,125,1020
N200,cim,200,20,13,1,0,42,828,1.4875e-05,3.042e-06,1.0875e-05,4928,125,1020
N200,cim,200,20,13,1,0,42,829,1.4917e-05,3.042e-06,1.0833e-05,4928,125,1020
N200,cim,200,20,13,1,0,42,830,1.4916e-05,3.084e-06,1.0875e-05,4928,125,1020
N200,cim,200,20,13,1,0,42,831,1.4875e-05,3.041e-06,1.0834e-05,4928,125,1020
N200,cim,200,20,13,1,0,42,832,1.4917e-05,3.041e-06,1.0834e-05,4928,125,1020
N200,cim,200,20,13,1,0,42,833,1.4875e-05,3.083e-06,1.0833e-05,4928,125,1020
N200,cim,200,20,13,1,0,42,834,1.4875e-05,3.084e-06,1.0833e-05,4928,125,1020
N200,cim,200,20,13,1,0,42,835,1.4917e-05,3.083e-06,1.0834e-05,4928,125,1020
N200,cim,200,20,13,1,0,42,836,1.5e-05,3.084e-06,1.0875e-05,4928,125,1020
N200,cim,200,20,13,1,0,42,837,1.6667e-05,3.125e-06,1.2333e-05,4928,125,1020
N200,cim,200,20,13,1,0,42,838,1.8459e-05,3.917e-06,1.325e-05,4928,125,1020
N200,cim,200,20,13,1,0,42,839,1.8875e-05,3.917e-06,1.3708e-05,4928,125,1020
N200,cim,200,20,13,1,0,42,840,1.5416e-05,3.542e-06,1.0875e-05,4928,125,1020
N200,cim,200,20,13,1,0,42,841,1.5042e-05,3.208e-06,1.0791e-05,4928,125,1020
N200,cim,200,20,13,1,0,42,842,1.4875e-05,3.125e-06,1.0792e-05,4928,125,1020
N200,cim,200,20,13,1,0,42,843,1.4834e-05,3.042e-06,1.0833e-05,4928,125,1020
N200,cim,200,20,13,1,0,42,844,1.4875e-05,3.042e-06,1.0833e-05,4928,125,1020
N200,cim,200,20,13,1,0,42,845,1.4959e-05,3.042e-06,1.0958e-05,4928,125,1020
N200,cim,200,20,13,1,0,42,846,1.4833e-05,3.042e-06,1.0833e-05,4928,125,1020
N200,cim,200,20,13,1,0,42,847,1.4916e-05,3.084e-06,1.0875e-05,4928,125,1020
N200,cim,200,20,13,1,0,42,848,1.4917e-05,3.041e-06,1.0875e-05,4928,125,1020
N200,cim,200,20,13,1,0,42,849,1.4875e-05,3.042e-06,1.0875e-05,4928,125,1020
N200,cim,200,20,13,1,0,42,850,1.4916e-05,3.042e-06,1.0833e-05,4928,125,1020
N200,cim,200,20,13,1,0,42,851,1.4917e-05,3.041e-06,1.0875e-05,4928,125,1020
N200,cim,200,20,13,1,0,42,852,1.8417e-05,3.458e-06,1.375e-05,4928,125,1020
N200,cim,200,20,13,1,0,42,853,1.6416e-05,3.833e-06,1.1584e-05,4928,125,1020
N200,cim,200,20,13,1,0,42,854,1.5875e-05,3.083e-06,1.1542e-05,4928,125,1020
N200,cim,200,20,13,1,0,42,855,1.6625e-05,3.875e-06,1.1708e-05,4928,125,1020
N200,cim,200,20,13,1,0,42,856,1.6458e-05,3.25e-06,1.1958e-05,4928,125,1020
N200,cim,200,20,13,1,0,42,857,1.875e-05,3.875e-06,1.3583e-05,4928,125,1020
N200,cim,200,20,13,1,0,42,858,1.4958e-05,3.166e-06,1.0792e-05,4928,125,1020
N200,cim,200,20,13,1,0,42,859,1.4958e-05,3.125e-06,1.0875e-05,4928,125,1020
N200,cim,200,20,13,1,0,42,860,1.5042e-05,3.125e-06,1.0917e-05,4928,125,1020
N200,cim,200,20,13,1,0,42,861,1.4916e-05,3.083e-06,1.0792e-05,4928,125,1020
N200,cim,200,20,13,1,0,42,862,1.4875e-05,3.083e-06,1.075e-05,4928,125,1020
N200,cim,200,20,13,1,0,42,863,1.4875e-05,3.041e-06,1.0833e-05,4928,125,1020
N200,cim,200,20,13,1,0,42,864,1.5042e-05,3.042e-06,1.1e-05,4928,125,1020
N200,cim,200,20,13,1,0,42,865,1.4875e-05,3.042e-06,1.0833e-05,4928,125,1020
N200,cim,200,20,13,1,0,42,866,1.4958e-05,3.042e-06,1.0958e-05,4928,125,1020
N200,cim,200,20,13,1,0,42,867,1.4917e-05,3.083e-06,1.0875e-05,4928,125,1020
N200,cim,200,20,13,1,0,42,868,1.5042e-05,3.083e-06,1.0875e-05,4928,125,1020
N200,cim,200,20,13,1,0,42,869,1.4958e-05,3.041e-06,1.0917e-05,4928,125,1020
N200,cim,200,20,13,1,0,42,870,1.6667e-05,3.041e-06,1.2375e-05,4928,125,1020
N200,cim,200,20,13,1,0,42,871,1.5875e-05,3.792e-06,1.1041e-05,4928,125,1020
N200,cim,200,20,13,1,0,42,872,1.5083e-05,3.083e-06,1.0959e-05,4928,125,1020
N200,cim,200,20,13,1,0,42,873,1.5083e-05,3.125e-06,1.0959e-05,4928,125,1020
N200,cim,200,20,13,1,0,42,874,1.5208e-05,3.125e-06,1.1125e-05,4928,125,1020
N200,cim,200,20,13,1,0,42,875,1.5208e-05,3.125e-06,1.1042e-05,4928,125,1020
N200,cim,200,20,13,1,0,42,876,1.5125e-05,3.208e-06,1.0917e-05,4928,125,1020
N200,cim,200,20,13,1,0,42,877,1.5083e-05,3.166e-06,1.0917e-05,4928,125,1020
N200,cim,200,20,13,1,0,42,878,1.5208e-05,3.166e-06,1.1e-05,4928,125,1020
N200,cim,200,20,13,1,0,42,879,1.5125e-05,3.125e-06,1.0959e-05,4928,125,1020
N200,cim,200,20,13,1,0,42,880,1.525e-05,3.166e-06,1.1084e-05,4928,125,1020
N200,cim,200,20,13,1,0,42,881,1.5125e-05,3.166e-06,1.0959e-05,4928,125,1020
N200,cim,200,20,13,1,0,42,882,1.5042e-05,3.042e-06,1.0916e-05,4928,125,1020
N200,cim,200,20,13,1,0,42,883,1.5e-05,3.084e-06,1.0916e-05,4928,125,1020
N200,cim,200,20,13,1,0,42,884,1.5042e-05,3.083e-06,1.0917e-05,4928,125,1020
N200,cim,200,20,13,1,0,42,885,1.5125e-05,3.208e-06,1.0917e-05,4928,125,1020
N200,cim,200,20,13,1,0,42,886,1.4958e-05,3.125e-06,1.0875e-05,4928,125,1020
N200,cim,200,20,13,1,0,42,887,1.4917e-05,3.041e-06,1.0834e-05,4928,125,1020
N200,cim,200,20,13,1,0,42,888,1.4917e-05,3.083e-06,1.0875e-05,4928,125,1020
N200,cim,200,20,13,1,0,42,889,1.5834e-05,3.042e-06,1.1583e-05,4928,125,1020
N200,cim,200,20,13,1,0,42,890,1.6667e-05,3.833e-06,1.1792e-05,4928,125,1020
N200,cim,200,20,13,1,0,42,891,1.5208e-05,3.125e-06,1.1e-05,4928,125,1020
N200,cim,200,20,13,1,0,42,892,1.5042e-05,3.125e-06,1.0958e-05,4928,125,1020
N200,cim,200,20,13,1,0,42,893,1.5125e-05,3.167e-06,1.0958e-05,4928,125,1020
N200,cim,200,20,13,1,0,42,894,1.5125e-05,3.125e-06,1.1e-05,4928,125,1020
N200,cim,200,20,13,1,0,42,895,1.5167e-05,3.125e-06,1.0958e-05,4928,125,1020
N200,cim,200,20,13,1,0,42,896,1.5167e-05,3.25e-06,1.0917e-05,4928,125,1020
N200,cim,200,20,13,1,0,42,897,1.5125e-05,3.208e-06,1.0875e-05,4928,125,1020
N200,cim,200,20,13,1,0,42,898,1.5125e-05,3.209e-06,1.0916e-05,4928,125,1020
N200,cim,200,20,13,1,0,42,899,1.5083e-05,3.167e-06,1.0916e-05,4928,125,1020
N200,cim,200,20,13,1,0,42,900,1.5125e-05,3.084e-06,1.1041e-05,4928,125,1020
N200,cim,200,20,13,1,0,42,901,1.5042e-05,3.083e-06,1.0916e-05,4928,125,1020
N200,cim,200,20,13,1,0,42,902,1.5125e-05,3.125e-06,1.0958e-05,4928,125,1020
N200,cim,200,20,13,1,0,42,903,1.5125e-05,3.167e-06,1.0958e-05,4928,125,1020
N200,cim,200,20,13,1,0,42,904,1.5042e-05,3.083e-06,1.0958e-05,4928,125,1020
N200,cim,200,20,13,1,0,42,905,1.5167e-05,3.083e-06,1.1042e-05,4928,125,1020
N200,cim,200,20,13,1,0,42,906,1.5042e-05,3.084e-06,1.0958e-05,4928,125,1020
N200,cim,200,20,13,1,0,42,907,1.5084e-05,3.125e-06,1.0958e-05,4928,125,1020
N200,cim,200,20,13,1,0,42,908,1.5041e-05,3.083e-06,1.0959e-05,4928,125,1020
N200,cim,200,20,13,1,0,42,909,1.5083e-05,3.125e-06,1.0958e-05,4928,125,1020
N200,cim,200,20,13,1,0,42,910,1.5125e-05,3.041e-06,1.1084e-05,4928,125,1020
N200,cim,200,20,13,1,0,42,911,1.5083e-05,3.125e-06,1.0958e-05,4928,125,1020
N200,cim,200,20,13,1,0,42,912,1.5125e-05,3.125e-06,1.1042e-05,4928,125,1020
N200,cim,200,20,13,1,0,42,913,1.5125e-05,3.167e-06,1.0958e-05,4928,125,1020
N200,cim,200,20,13,1,0,42,914,1.5125e-05,3.125e-06,1.0959e-05,4928,125,1020
N200,cim,200,20,13,1,0,42,915,1.5125e-05,3.209e-06,1.0916e-05,4928,125,1020
N200,cim,200,20,13,1,0,42,916,1.5125e-05,3.208e-06,1.0917e-05,4928,125,1020
N200,cim,200,20,13,1,0,42,917,1.5083e-05,3.166e-06,1.0917e-05,4928,125,1020
N200,cim,200,20,13,1,0,42,918,1.5208e-05,3.291e-06,1.0875e-05,4928,125,1020
N200,cim,200,20,13,1,0,42,919,1.5042e-05,3.083e-06,1.0917e-05,4928,125,1020
N200,cim,200,20,13,1,0,42,920,1.5083e-05,3.084e-06,1.0916e-05,4928,125,1020
N200,cim,200,20,13,1,0,42,921,1.5041e-05,3.084e-06,1.0959e-05,4928,125,1020
N200,cim,200,20,13,1,0,42,922,1.5042e-05,3.042e-06,1.0958e-05,4928,125,1020
N200,cim,200,20,13,1,0,42,923,1.5042e-05,3.083e-06,1.0959e-05,4928,125,1020
N200,cim,200,20,13,1,0,42,924,1.5042e-05,3.084e-06,1.0916e-05,4928,125,1020
N200,cim,200,20,13,1,0,42,925,1.5084e-05,3.125e-06,1.0958e-05,4928,125,1020
N200,cim,200,20,13,1,0,42,926,1.5125e-05,3.083e-06,1.1084e-05,4928,125,1020
N200,cim,200,20,13,1,0,42,927,1.5042e-05,3.083e-06,1.0958e-05,4928,125,1020
N200,cim,200,20,13,1,0,42,928,1.5084e-05,3.125e-06,1.0958e-05,4928,125,1020
N200,cim,200,20,13,1,0,42,929,1.5084e-05,3.125e-06,1.0916e-05,4928,125,1020
N200,cim,200,20,13,1,0,42,930,1.5125e-05,3.167e-06,1.0958e-05,4928,125,1020
N200,cim,200,20,13,1,0,42,931,1.5167e-05,3.166e-06,1.1e-05,4928,125,1020
N200,cim,200,20,13,1,0,42,932,1.5166e-05,3.167e-06,1.0958e-05,4928,125,1020
N200,cim,200,20,13,1,0,42,933,1.525e-05,3.166e-06,1.1042e-05,4928,125,1020
N200,cim,200,20,13,1,0,42,934,1.5208e-05,3.209e-06,1.0958e-05,4928,125,1020
N200,cim,200,20,13,1,0,42,935,1.525e-05,3.291e-06,1.0917e-05,4928,125,1020
N200,cim,200,20,13,1,0,42,936,1.5083e-05,3.166e-06,1.0875e-05,4928,125,1020
N200,cim,200,20,13,1,0,42,937,1.5084e-05,3.166e-06,1.0917e-05,4928,125,1020
N200,cim,200,20,13,1,0,42,938,1.5125e-05,3.167e-06,1.0958e-05,4928,125,1020
N200,cim,200,20,13,1,0,42,939,1.525e-05,3.25e-06,1.0958e-05,4928,125,1020
N200,cim,200,20,13,1,0,42,940,1.5166e-05,3.125e-06,1.0959e-05,4928,125,1020
N200,cim,200,20,13,1,0,42,941,1.5083e-05,3.125e-06,1.0917e-05,4928,125,1020
N200,cim,200,20,13,1,0,42,942,1.5084e-05,3.125e-06,1.0958e-05,4928,125,1020
N200,cim,200,20,13,1,0,42,943,1.5084e-05,3.125e-06,1.0916e-05,4928,125,1020
N200,cim,200,20,13,1,0,42,944,1.5084e-05,3.125e-06,1.0958e-05,4928,125,1020
N200,cim,200,20,13,1,0,42,945,1.525e-05,3.25e-06,1.0959e-05,4928,125,1020
N200,cim,200,20,13,1,0,42,946,1.5208e-05,3.084e-06,1.1083e-05,4928,125,1020
N200,cim,200,20,13,1,0,42,947,1.5084e-05,3.083e-06,1.0958e-05,4928,125,1020
N200,cim,200,20,13,1,0,42,948,1.5166e-05,3.209e-06,1.0958e-05,4928,125,1020
N200,cim,200,20,13,1,0,42,949,1.5167e-05,3.208e-06,1.0959e-05,4928,125,1020
N200,cim,200,20,13,1,0,42,950,1.5208e-05,3.167e-06,1.0958e-05,4928,125,1020
N200,cim,200,20,13,1,0,42,951,1.5167e-05,3.208e-06,1.0959e-05,4928,125,1020
N200,cim,200,20,13,1,0,42,952,1.5125e-05,3.167e-06,1.0916e-05,4928,125,1020
N200,cim,200,20,13,1,0,42,953,1.5125e-05,3.208e-06,1.0917e-05,4928,125,1020
N200,cim,200,20,13,1,0,42,954,1.5167e-05,3.208e-06,1.0917e-05,4928,125,1020
N200,cim,200,20,13,1,0,42,955,1.4958e-05,3.125e-06,1.0792e-05,4928,125,1020
N200,cim,200,20,13,1,0,42,956,1.4917e-05,3.125e-06,1.0791e-05,4928,125,1020
N200,cim,200,20,13,1,0,42,957,1.4791e-05,3.042e-06,1.0792e-05,4928,125,1020
N200,cim,200,20,13,1,0,42,958,1.4958e-05,3.125e-06,1.0875e-05,4928,125,1020
N200,cim,200,20,13,1,0,42,959,1.4875e-05,3.041e-06,1.0875e-05,4928,125,1020
N200,cim,200,20,13,1,0,42,960,1.4875e-05,3.041e-06,1.0833e-05,4928,125,1020
N200,cim,200,20,13,1,0,42,961,1.4958e-05,3.042e-06,1.0917e-05,4928,125,1020
N200,cim,200,20,13,1,0,42,962,1.4958e-05,3.041e-06,1.0875e-05,4928,125,1020
N200,cim,200,20,13,1,0,42,963,1.4875e-05,3.042e-06,1.0833e-05,4928,125,1020
N200,cim,200,20,13,1,0,42,964,1.4916e-05,3.042e-06,1.0875e-05,4928,125,1020
N200,cim,200,20,13,1,0,42,965,1.4833e-05,3.041e-06,1.0834e-05,4928,125,1020
N200,cim,200,20,13,1,0,42,966,1.4958e-05,3e-06,1.0917e-05,4928,125,1020
N200,cim,200,20,13,1,0,42,967,1.5e-05,3.083e-06,1.0917e-05,4928,125,1020
N200,cim,200,20,13,1,0,42,968,1.4917e-05,3.083e-06,1.0875e-05,4928,125,1020
N200,cim,200,20,13,1,0,42,969,1.4917e-05,3.084e-06,1.0833e-05,4928,125,1020
N200,cim,200,20,13,1,0,42,970,1.4917e-05,3.083e-06,1.0792e-05,4928,125,1020
N200,cim,200,20,13,1,0,42,971,1.5042e-05,3.208e-06,1.0833e-05,4928,125,1020
N200,cim,200,20,13,1,0,42,972,1.4958e-05,3.167e-06,1.0791e-05,4928,125,1020
N200,cim,200,20,13,1,0,42,973,1.4958e-05,3.167e-06,1.0833e-05,4928,125,1020
N200,cim,200,20,13,1,0,42,974,1.5e-05,3.166e-06,1.0833e-05,4928,125,1020
N200,cim,200,20,13,1,0,42,975,1.5083e-05,3.166e-06,1.0875e-05,4928,125,1020
N200,cim,200,20,13,1,0,42,976,1.5083e-05,3.208e-06,1.0917e-05,4928,125,1020
N200,cim,200,20,13,1,0,42,977,1.4959e-05,3.125e-06,1.0875e-05,4928,125,1020
N200,cim,200,20,13,1,0,42,978,1.5041e-05,3.083e-06,1.0959e-05,4928,125,1020
N200,cim,200,20,13,1,0,42,979,1.4875e-05,3.083e-06,1.0833e-05,4928,125,1020
N200,cim,200,20,13,1,0,42,980,1.4875e-05,3.042e-06,1.0791e-05,4928,125,1020
N200,cim,200,20,13,1,0,42,981,1.4958e-05,3.084e-06,1.0792e-05,4928,125,1020
N200,cim,200,20,13,1,0,42,982,1.5042e-05,3.083e-06,1.0916e-05,4928,125,1020
N200,cim,200,20,13,1,0,42,983,1.4917e-05,3.083e-06,1.0792e-05,4928,125,1020
N200,cim,200,20,13,1,0,42,984,1.4917e-05,3.125e-06,1.0833e-05,4928,125,1020
N200,cim,200,20,13,1,0,42,985,1.4875e-05,3.042e-06,1.0834e-05,4928,125,1020
N200,cim,200,20,13,1,0,42,986,1.4959e-05,3.041e-06,1.0875e-05,4928,125,1020
N200,cim,200,20,13,1,0,42,987,1.4958e-05,3.084e-06,1.0834e-05,4928,125,1020
N200,cim,200,20,13,1,0,42,988,1.5e-05,3.084e-06,1.0916e-05,4928,125,1020
N200,cim,200,20,13,1,0,42,989,1.4916e-05,3.084e-06,1.0792e-05,4928,125,1020
N200,cim,200,20,13,1,0,42,990,1.4959e-05,3.083e-06,1.0833e-05,4928,125,1020
N200,cim,200,20,13,1,0,42,991,1.4916e-05,3.083e-06,1.0792e-05,4928,125,1020
N200,cim,200,20,13,1,0,42,992,1.4917e-05,3.167e-06,1.0791e-05,4928,125,1020
N200,cim,200,20,13,1,0,42,993,1.4875e-05,3.084e-06,1.0833e-05,4928,125,1020
N200,cim,200,20,13,1,0,42,994,1.5042e-05,3.125e-06,1.0917e-05,4928,125,1020
N200,cim,200,20,13,1,0,42,995,1.4875e-05,3.042e-06,1.0833e-05,4928,125,1020
N200,cim,200,20,13,1,0,42,996,1.4875e-05,3.042e-06,1.0833e-05,4928,125,1020
N200,cim,200,20,13,1,0,42,997,1.4916e-05,3.084e-06,1.0833e-05,4928,125,1020
N200,cim,200,20,13,1,0,42,998,1.4875e-05,3.083e-06,1.0834e-05,4928,125,1020
N200,cim,200,20,13,1,0,42,999,1.5e-05,3.083e-06,1.0875e-05,4928,125,1020
N400,cim,400,20,13,1,0,42,0,0.000111875,1.5459e-05,9.2958e-05,5892,163,3964
N400,cim,400,20,13,1,0,42,1,8.2458e-05,1.0375e-05,6.8541e-05,5892,163,3964
N400,cim,400,20,13,1,0,42,2,7.4084e-05,9.709e-06,6.1958e-05,5892,163,3964
N400,cim,400,20,13,1,0,42,3,6.6459e-05,9.209e-06,5.5e-05,5892,163,3964
N400,cim,400,20,13,1,0,42,4,6.2125e-05,9.125e-06,5.0667e-05,5892,163,3964
N400,cim,400,20,13,1,0,42,5,6.0333e-05,9.125e-06,4.9e-05,5892,163,3964
N400,cim,400,20,13,1,0,42,6,5.9584e-05,9.042e-06,4.8292e-05,5892,163,3964
N400,cim,400,20,13,1,0,42,7,5.9084e-05,8.916e-06,4.7917e-05,5892,163,3964
N400,cim,400,20,13,1,0,42,8,5.875e-05,8.917e-06,4.7583e-05,5892,163,3964
N400,cim,400,20,13,1,0,42,9,6.0458e-05,1.0125e-05,4.8e-05,5892,163,3964
N400,cim,400,20,13,1,0,42,10,5.8834e-05,8.875e-06,4.7709e-05,5892,163,3964
N400,cim,400,20,13,1,0,42,11,5.8708e-05,8.875e-06,4.7542e-05,5892,163,3964
N400,cim,400,20,13,1,0,42,12,5.8667e-05,8.791e-06,4.7667e-05,5892,163,3964
N400,cim,400,20,13,1,0,42,13,5.8625e-05,8.792e-06,4.7625e-05,5892,163,3964
N400,cim,400,20,13,1,0,42,14,5.875e-05,8.834e-06,4.7625e-05,5892,163,3964
N400,cim,400,20,13,1,0,42,15,5.8667e-05,8.709e-06,4.7667e-05,5892,163,3964
N400,cim,400,20,13,1,0,42,16,5.9e-05,8.791e-06,4.7959e-05,5892,163,3964
N400,cim,400,20,13,1,0,42,17,5.8584e-05,8.791e-06,4.7625e-05,5892,163,3964
N400,cim,400,20,13,1,0,42,18,5.8875e-05,8.75e-06,4.7833e-05,5892,163,3964
N400,cim,400,20,13,1,0,42,19,5.9292e-05,8.875e-06,4.8209e-05,5892,163,3964
N400,cim,400,20,13,1,0,42,20,5.8709e-05,8.75e-06,4.7708e-05,5892,163,3964
N400,cim,400,20,13,1,0,42,21,5.8792e-05,8.792e-06,4.775e-05,5892,163,3964
N400,cim,400,20,13,1,0,42,22,5.8917e-05,8.792e-06,4.7875e-05,5892,163,3964
N400,cim,400,20,13,1,0,42,23,5.8833e-05,8.833e-06,4.775e-05,5892,163,3964
N400,cim,400,20,13,1,0,42,24,5.8875e-05,8.834e-06,4.7791e-05,5892,163,3964
N400,cim,400,20,13,1,0,42,25,5.8708e-05,8.708e-06,4.775e-05,5892,163,3964
N400,cim,400,20,13,1,0,42,26,5.9125e-05,8.833e-06,4.8042e-05,5892,163,3964
N400,cim,400,20,13,1,0,42,27,5.875e-05,8.75e-06,4.7834e-05,5892,163,3964
N400,cim,400,20,13,1,0,42,28,5.925e-05,8.792e-06,4.8e-05,5892,163,3964
N400,cim,400,20,13,1,0,42,29,5.8834e-05,8.833e-06,4.7792e-05,5892,163,3964
N400,cim,400,20,13,1,0,42,30,5.8875e-05,8.792e-06,4.7833e-05,5892,163,3964
N400,cim,400,20,13,1,0,42,31,5.8666e-05,8.792e-06,4.7666e-05,5892,163,3964
N400,cim,400,20,13,1,0,42,32,5.9e-05,8.833e-06,4.7916e-05,5892,163,3964
N400,cim,400,20,13,1,0,42,33,5.8792e-05,8.75e-06,4.7833e-05,5892,163,3964
N400,cim,400,20,13,1,0,42,34,5.8667e-05,8.75e-06,4.7708e-05,5892,163,3964
N400,cim,400,20,13,1,0,42,35,5.8708e-05,8.792e-06,4.7666e-05,5892,163,3964
N400,cim,400,20,13,1,0,42,36,5.8833e-05,8.875e-06,4.7708e-05,5892,163,3964
N400,cim,400,20,13,1,0,42,37,5.8833e-05,8.834e-06,4.775e-05,5892,163,3964
N400,cim,400,20,13,1,0,42,38,5.9834e-05,9.875e-06,4.775e-05,5892,163,3964
N400,cim,400,20,13,1,0,42,39,5.875e-05,8.792e-06,4.7666e-05,5892,163,3964
N400,cim,400,20,13,1,0,42,40,5.8792e-05,8.792e-06,4.7667e-05,5892,163,3964
N400,cim,400,20,13,1,0,42,41,0.000154958,8.792e-06,0.000144416,5892,163,3964
N400,cim,400,20,13,1,0,42,42,7.6292e-05,8.583e-06,6.5959e-05,5892,163,3964
N400,cim,400,20,13,1,0,42,43,6.3125e-05,8.541e-06,5.3125e-05,5892,163,3964
N400,cim,400,20,13,1,0,42,44,5.7416e-05,8.333e-06,4.7709e-05,5892,163,3964
N400,cim,400,20,13,1,0,42,45,5.5208e-05,8.166e-06,4.5584e-05,5892,163,3964
N400,cim,400,20,13,1,0,42,46,5.3458e-05,7.917e-06,4.4166e-05,5892,163,3964
N400,cim,400,20,13,1,0,42,47,5.3042e-05,7.917e-06,4.3625e-05,5892,163,3964
N400,cim,400,20,13,1,0,42,48,5.2584e-05,7.875e-06,4.3292e-05,5892,163,3964
N400,cim,400,20,13,1,0,42,49,5.2667e-05,7.917e-06,4.3292e-05,5892,163,3964
N400,cim,400,20,13,1,0,42,50,5.2708e-05,7.959e-06,4.3375e-05,5892,163,3964
N400,cim,400,20,13,1,0,42,51,5.25e-05,7.917e-06,4.3125e-05,5892,163,3964
N400,cim,400,20,13,1,0,42,52,5.2541e-05,7.916e-06,4.3208e-05,5892,163,3964
N400,cim,400,20,13,1,0,42,53,5.2459e-05,7.834e-06,4.3208e-05,5892,163,3964
N400,cim,400,20,13,1,0,42,54,5.2375e-05,7.875e-06,4.3083e-05,5892,163,3964
N400,cim,400,20,13,1,0,42,55,5.2209e-05,7.834e-06,4.2958e-05,5892,163,3964
N400,cim,400,20,13,1,0,42,56,5.225e-05,7.833e-06,4.3042e-05,5892,163,3964
N400,cim,400,20,13,1,0,42,57,5.2416e-05,7.791e-06,4.3125e-05,5892,163,3964
N400,cim,400,20,13,1,0,42,58,5.2708e-05,7.833e-06,4.3458e-05,5892,163,3964
N400,cim,400,20,13,1,0,42,59,4.7583e-05,7.834e-06,3.85e-05,5892,163,3964
N400,cim,400,20,13,1,0,42,60,4.6e-05,7.042e-06,3.7708e-05,5892,163,3964
N400,cim,400,20,13,1,0,42,61,4.5e-05,7e-06,3.6792e-05,5892,163,3964
N400,cim,400,20,13,1,0,42,62,4.4334e-05,6.875e-06,3.6167e-05,5892,163,3964
N400,cim,400,20,13,1,0,42,63,4.4e-05,6.917e-06,3.5875e-05,5892,163,3964
N400,cim,400,20,13,1,0,42,64,4.7292e-05,7.042e-06,3.8958e-05,5892,163,3964
N400,cim,400,20,13,1,0,42,65,4.4583e-05,7e-06,3.6292e-05,5892,163,3964
N400,cim,400,20,13,1,0,42,66,4.4541e-05,7.083e-06,3.6209e-05,5892,163,3964
N400,cim,400,20,13,1,0,42,67,4.4416e-05,7e-06,3.6125e-05,5892,163,3964
N400,cim,400,20,13,1,0,42,68,5.4958e-05,9.792e-06,4.3709e-05,5892,163,3964
N400,cim,400,20,13,1,0,42,69,4.9833e-05,7.791e-06,4.0584e-05,5892,163,3964
N400,cim,400,20,13,1,0,42,70,4.9791e-05,7.917e-06,4.0625e-05,5892,163,3964
N400,cim,400,20,13,1,0,42,71,5.4125e-05,6.958e-06,4.575e-05,5892,163,3964
N400,cim,400,20,13,1,0,42,72,5e-05,7.834e-06,4.075e-05,5892,163,3964
N400,cim,400,20,13,1,0,42,73,4.9834e-05,7.75e-06,4.0625e-05,5892,163,3964
N400,cim,400,20,13,1,0,42,74,4.9708e-05,7.833e-06,4.0459e-05,5892,163,3964
N400,cim,400,20,13,1,0,42,75,4.9709e-05,7.833e-06,4.0542e-05,5892,163,3964
N400,cim,400,20,13,1,0,42,76,4.9958e-05,7.916e-06,4.0625e-05,5892,163,3964
N400,cim,400,20,13,1,0,42,77,5e-05,7.917e-06,4.0666e-05,5892,163,3964
N400,cim,400,20,13,1,0,42,78,4.9917e-05,7.792e-06,4.0708e-05,5892,163,3964
N400,cim,400,20,13,1,0,42,79,4.9708e-05,7.791e-06,4.05e-05,5892,163,3964
N400,cim,400,20,13,1,0,42,80,5e-05,7.833e-06,4.075e-05,5892,163,3964
N400,cim,400,20,13,1,0,42,81,4.9792e-05,7.792e-06,4.0541e-05,5892,163,3964
N400,cim,400,20,13,1,0,42,82,4.9833e-05,7.792e-06,4.0625e-05,5892,163,3964
N400,cim,400,20,13,1,0,42,83,5e-05,7.917e-06,4.0666e-05,5892,163,3964
N400,cim,400,20,13,1,0,42,84,4.9958e-05,7.917e-06,4.0625e-05,5892,163,3964
N400,cim,400,20,13,1,0,42,85,4.9875e-05,7.917e-06,4.0542e-05,5892,163,3964
N400,cim,400,20,13,1,0,42,86,4.975e-05,7.833e-06,4.0542e-05,5892,163,3964
N400,cim,400,20,13,1,0,42,87,4.5042e-05,7.667e-06,3.6125e-05,5892,163,3964
N400,cim,400,20,13,1,0,42,88,4.4583e-05,7e-06,3.6334e-05,5892,163,3964
N400,cim,400,20,13,1,0,42,89,4.4375e-05,6.958e-06,3.6167e-05,5892,163,3964
N400,cim,400,20,13,1,0,42,90,4.4458e-05,6.959e-06,3.625e-05,5892,163,3964
N400,cim,400,20,13,1,0,42,91,4.6083e-05,6.958e-06,3.7375e-05,5892,163,3964
N400,cim,400,20,13,1,0,42,92,5.3584e-05,9.792e-06,4.2375e-05,5892,163,3964
N400,cim,400,20,13,1,0,42,93,4.9917e-05,7.958e-06,4.0542e-05,5892,163,3964
N400,cim,400,20,13,1,0,42,94,5.0083e-05,8e-06,4.0708e-05,5892,163,3964
N400,cim,400,20,13,1,0,42,95,4.975e-05,7.834e-06,4.0541e-05,5892,163,3964
N400,cim,400,20,13,1,0,42,96,4.9958e-05,7.917e-06,4.0625e-05,5892,163,3964
N400,cim,400,20,13,1,0,42,97,4.9833e-05,7.833e-06,4.0625e-05,5892,163,3964
N400,cim,400,20,13,1,0,42,98,4.975e-05,7.833e-06,4.0542e-05,5892,163,3964
N400,cim,400,20,13,1,0,42,99,4.9708e-05,7.833e-06,4.0458e-05,5892,163,3964
N400,cim,400,20,13,1,0,42,100,4.9917e-05,7.834e-06,4.0667e-05,5892,163,3964
N400,cim,400,20,13,1,0,42,101,4.9958e-05,7.917e-06,4.0583e-05,5892,163,3964
N400,cim,400,20,13,1,0,42,102,4.9875e-05,7.916e-06,4.0542e-05,5892,163,3964
N400,cim,400,20,13,1,0,42,103,4.9791e-05,7.833e-06,4.0458e-05,5892,163,3964
N400,cim,400,20,13,1,0,42,104,4.9834e-05,7.875e-06,4.0583e-05,5892,163,3964
N400,cim,400,20,13,1,0,42,105,4.9917e-05,7.792e-06,4.0667e-05,5892,163,3964
N400,cim,400,20,13,1,0,42,106,4.7042e-05,7.833e-06,3.7959e-05,5892,163,3964
N400,cim,400,20,13,1,0,42,107,4.4292e-05,6.959e-06,3.6084e-05,5892,163,3964
N400,cim,400,20,13,1,0,42,108,4.4125e-05,6.958e-06,3.5875e-05,5892,163,3964
N400,cim,400,20,13,1,0,42,109,4.4e-05,6.875e-06,3.5833e-05,5892,163,3964
N400,cim,400,20,13,1,0,42,110,4.4125e-05,7.042e-06,3.5875e-05,5892,163,3964
N400,cim,400,20,13,1,0,42,111,4.4e-05,7e-06,3.5791e-05,5892,163,3964
N400,cim,400,20,13,1,0,42,112,4.3875e-05,6.959e-06,3.5667e-05,5892,163,3964
N400,cim,400,20,13,1,0,42,113,4.3958e-05,6.875e-06,3.5791e-05,5892,163,3964
N400,cim,400,20,13,1,0,42,114,4.4125e-05,6.917e-06,3.5958e-05,5892,163,3964
N400,cim,400,20,13,1,0,42,115,4.4e-05,7e-06,3.575e-05,5892,163,3964
N400,cim,400,20,13,1,0,42,116,4.65e-05,8.708e-06,3.6542e-05,5892,163,3964
N400,cim,400,20,13,1,0,42,117,4.4375e-05,7e-06,3.6167e-05,5892,163,3964
N400,cim,400,20,13,1,0,42,118,4.4542e-05,7.084e-06,3.6167e-05,5892,163,3964
N400,cim,400,20,13,1,0,42,119,4.4375e-05,6.958e-06,3.6166e-05,5892,163,3964
N400,cim,400,20,13,1,0,42,120,4.4459e-05,6.958e-06,3.625e-05,5892,163,3964
N400,cim,400,20,13,1,0,42,121,4.4417e-05,6.959e-06,3.6208e-05,5892,163,3964
N400,cim,400,20,13,1,0,42,122,4.4458e-05,7.042e-06,3.6167e-05,5892,163,3964
N400,cim,400,20,13,1,0,42,123,4.4375e-05,6.958e-06,3.6209e-05,5892,163,3964
N400,cim,400,20,13,1,0,42,124,4.4e-05,6.916e-06,3.5875e-05,5892,163,3964
N400,cim,400,20,13,1,0,42,125,4.3958e-05,6.875e-06,3.5833e-05,5892,163,3964
N400,cim,400,20,13,1,0,42,126,4.4e-05,6.875e-06,3.5791e-05,5892,163,3964
N400,cim,400,20,13,1,0,42,127,4.3958e-05,6.833e-06,3.5833e-05,5892,163,3964
N400,cim,400,20,13,1,0,42,128,4.4041e-05,7e-06,3.5792e-05,5892,163,3964
N400,cim,400,20,13,1,0,42,129,4.4084e-05,6.959e-06,3.5834e-05,5892,163,3964
N400,cim,400,20,13,1,0,42,130,4.3917e-05,6.917e-06,3.575e-05,5892,163,3964
N400,cim,400,20,13,1,0,42,131,4.3917e-05,6.875e-06,3.575e-05,5892,163,3964
N400,cim,400,20,13,1,0,42,132,4.3916e-05,6.917e-06,3.5791e-05,5892,163,3964
N400,cim,400,20,13,1,0,42,133,4.3833e-05,6.917e-06,3.5708e-05,5892,163,3964
N400,cim,400,20,13,1,0,42,134,4.4e-05,6.958e-06,3.5834e-05,5892,163,3964
N400,cim,400,20,13,1,0,42,135,4.3917e-05,6.875e-06,3.575e-05,5892,163,3964
N400,cim,400,20,13,1,0,42,136,4.4083e-05,6.917e-06,3.5958e-05,5892,163,3964
N400,cim,400,20,13,1,0,42,137,4.7083e-05,6.875e-06,3.8917e-05,5892,163,3964
N400,cim,400,20,13,1,0,42,138,4.4583e-05,7e-06,3.6333e-05,5892,163,3964
N400,cim,400,20,13,1,0,42,139,4.4458e-05,6.917e-06,3.625e-05,5892,163,3964
N400,cim,400,20,13,1,0,42,140,4.4542e-05,7e-06,3.6291e-05,5892,163,3964
N400,cim,400,20,13,1,0,42,141,4.4459e-05,7e-06,3.6208e-05,5892,163,3964
N400,cim,400,20,13,1,0,42,142,5.3333e-05,7.167e-06,4.475e-05,5892,163,3964
N400,cim,400,20,13,1,0,42,143,4.9834e-05,7.958e-06,4.0416e-05,5892,163,3964
N400,cim,400,20,13,1,0,42,144,4.9792e-05,7.792e-06,4.0583e-05,5892,163,3964
N400,cim,400,20,13,1,0,42,145,4.9792e-05,7.834e-06,4.0541e-05,5892,163,3964
N400,cim,400,20,13,1,0,42,146,4.9875e-05,7.875e-06,4.0666e-05,5892,163,3964
N400,cim,400,20,13,1,0,42,147,4.9791e-05,7.833e-06,4.05e-05,5892,163,3964
N400,cim,400,20,13,1,0,42,148,4.9875e-05,7.875e-06,4.0542e-05,5892,163,3964
N400,cim,400,20,13,1,0,42,149,4.9708e-05,7.792e-06,4.05e-05,5892,163,3964
N400,cim,400,20,13,1,0,42,150,4.975e-05,7.833e-06,4.0458e-05,5892,163,3964
N400,cim,400,20,13,1,0,42,151,4.9791e-05,7.833e-06,4.0542e-05,5892,163,3964
N400,cim,400,20,13,1,0,42,152,4.9709e-05,7.833e-06,4.05e-05,5892,163,3964
N400,cim,400,20,13,1,0,42,153,4.9833e-05,7.875e-06,4.0542e-05,5892,163,3964
N400,cim,400,20,13,1,0,42,154,4.975e-05,7.833e-06,4.0542e-05,5892,163,3964
N400,cim,400,20,13,1,0,42,155,4.9667e-05,7.791e-06,4.05e-05,5892,163,3964
N400,cim,400,20,13,1,0,42,156,4.9708e-05,7.791e-06,4.05e-05,5892,163,3964
N400,cim,400,20,13,1,0,42,157,4.6e-05,7.834e-06,3.6958e-05,5892,163,3964
N400,cim,400,20,13,1,0,42,158,4.4292e-05,6.959e-06,3.6083e-05,5892,163,3964
N400,cim,400,20,13,1,0,42,159,4.4417e-05,6.959e-06,3.625e-05,5892,163,3964
N400,cim,400,20,13,1,0,42,160,4.4458e-05,7e-06,3.6209e-05,5892,163,3964
N400,cim,400,20,13,1,0,42,161,4.4417e-05,7e-06,3.6125e-05,5892,163,3964
N400,cim,400,20,13,1,0,42,162,4.4416e-05,7e-06,3.6167e-05,5892,163,3964
N400,cim,400,20,13,1,0,42,163,5.0125e-05,6.958e-06,4.1375e-05,5892,163,3964
N400,cim,400,20,13,1,0,42,164,5.0583e-05,8.458e-06,4.0708e-05,5892,163,3964
N400,cim,400,20,13,1,0,42,165,4.9792e-05,7.834e-06,4.0541e-05,5892,163,3964
N400,cim,400,20,13,1,0,42,166,4.9792e-05,7.875e-06,4.0541e-05,5892,163,3964
N400,cim,400,20,13,1,0,42,167,4.975e-05,7.833e-06,4.05e-05,5892,163,3964
N400,cim,400,20,13,1,0,42,168,4.9875e-05,7.834e-06,4.0666e-05,5892,163,3964
N400,cim,400,20,13,1,0,42,169,4.975e-05,7.833e-06,4.05e-05,5892,163,3964
N400,cim,400,20,13,1,0,42,170,4.9875e-05,7.791e-06,4.0542e-05,5892,163,3964
N400,cim,400,20,13,1,0,42,171,4.5583e-05,7.875e-06,3.6375e-05,5892,163,3964
N400,cim,400,20,13,1,0,42,172,4.4459e-05,7e-06,3.6167e-05,5892,163,3964
N400,cim,400,20,13,1,0,42,173,4.6292e-05,7e-06,3.7583e-05,5892,163,3964
N400,cim,400,20,13,1,0,42,174,5.325e-05,9.875e-06,4.1958e-05,5892,163,3964
N400,cim,400,20,13,1,0,42,175,4.9875e-05,7.959e-06,4.05e-05,5892,163,3964
N400,cim,400,20,13,1,0,42,176,4.9917e-05,7.792e-06,4.0708e-05,5892,163,3964
N400,cim,400,20,13,1,0,42,177,4.9958e-05,7.875e-06,4.0583e-05,5892,163,3964
N400,cim,400,20,13,1,0,42,178,4.9791e-05,7.875e-06,4.0542e-05,5892,163,3964
N400,cim,400,20,13,1,0,42,179,4.9917e-05,7.958e-06,4.0583e-05,5892,163,3964
N400,cim,400,20,13,1,0,42,180,5.0042e-05,7.917e-06,4.0708e-05,5892,163,3964
N400,cim,400,20,13,1,0,42,181,4.9791e-05,7.833e-06,4.0542e-05,5892,163,3964
N400,cim,400,20,13,1,0,42,182,4.9958e-05,7.875e-06,4.0667e-05,5892,163,3964
N400,cim,400,20,13,1,0,42,183,4.9708e-05,7.833e-06,4.0458e-05,5892,163,3964
N400,cim,400,20,13,1,0,42,184,4.9792e-05,7.833e-06,4.0542e-05,5892,163,3964
N400,cim,400,20,13,1,0,42,185,4.9916e-05,7.833e-06,4.0583e-05,5892,163,3964
N400,cim,400,20,13,1,0,42,186,4.9834e-05,7.875e-06,4.0583e-05,5892,163,3964
N400,cim,400,20,13,1,0,42,187,4.9709e-05,7.875e-06,4.0417e-05,5892,163,3964
N400,cim,400,20,13,1,0,42,188,5e-05,7.833e-06,4.0708e-05,5892,163,3964
N400,cim,400,20,13,1,0,42,189,4.9791e-05,7.792e-06,4.0625e-05,5892,163,3964
N400,cim,400,20,13,1,0,42,190,4.9875e-05,7.875e-06,4.0584e-05,5892,163,3964
N400,cim,400,20,13,1,0,42,191,4.9833e-05,7.834e-06,4.0542e-05,5892,163,3964
N400,cim,400,20,13,1,0,42,192,4.9791e-05,7.833e-06,4.0542e-05,5892,163,3964
N400,cim,400,20,13,1,0,42,193,4.9833e-05,7.875e-06,4.0542e-05,5892,163,3964
N400,cim,400,20,13,1,0,42,194,4.975e-05,7.834e-06,4.0541e-05,5892,163,3964
N400,cim,400,20,13,1,0,42,195,4.9833e-05,7.875e-06,4.0542e-05,5892,163,3964
N400,cim,400,20,13,1,0,42,196,5e-05,8e-06,4.0666e-05,5892,163,3964
N400,cim,400,20,13,1,0,42,197,4.9833e-05,7.875e-06,4.0584e-05,5892,163,3964
N400,cim,400,20,13,1,0,42,198,4.9875e-05,7.834e-06,4.0625e-05,5892,163,3964
N400,cim,400,20,13,1,0,42,199,4.9917e-05,7.834e-06,4.0667e-05,5892,163,3964
N400,cim,400,20,13,1,0,42,200,4.9875e-05,7.917e-06,4.0542e-05,5892,163,3964
N400,cim,400,20,13,1,0,42,201,4.9708e-05,7.791e-06,4.0459e-05,5892,163,3964
N400,cim,400,20,13,1,0,42,202,4.9958e-05,7.917e-06,4.0625e-05,5892,163,3964
N400,cim,400,20,13,1,0,42,203,4.9833e-05,7.875e-06,4.0542e-05,5892,163,3964
N400,cim,400,20,13,1,0,42,204,4.9834e-05,7.834e-06,4.0542e-05,5892,163,3964
N400,cim,400,20,13,1,0,42,205,4.9833e-05,7.833e-06,4.0542e-05,5892,163,3964
N400,cim,400,20,13,1,0,42,206,4.9875e-05,7.833e-06,4.0667e-05,5892,163,3964
N400,cim,400,20,13,1,0,42,207,4.975e-05,7.833e-06,4.05e-05,5892,163,3964
N400,cim,400,20,13,1,0,42,208,4.9834e-05,7.792e-06,4.0583e-05,5892,163,3964
N400,cim,400,20,13,1,0,42,209,4.9792e-05,7.834e-06,4.0541e-05,5892,163,3964
N400,cim,400,20,13,1,0,42,210,5.0375e-05,7.792e-06,4.1125e-05,5892,163,3964
N400,cim,400,20,13,1,0,42,211,4.9875e-05,7.917e-06,4.0583e-05,5892,163,3964
N400,cim,400,20,13,1,0,42,212,5e-05,7.917e-06,4.0708e-05,5892,163,3964
N400,cim,400,20,13,1,0,42,213,4.9791e-05,7.833e-06,4.0542e-05,5892,163,3964
N400,cim,400,20,13,1,0,42,214,5.1e-05,7.958e-06,4.1667e-05,5892,163,3964
N400,cim,400,20,13,1,0,42,215,4.9791e-05,7.875e-06,4.0459e-05,5892,163,3964
N400,cim,400,20,13,1,0,42,216,4.9833e-05,7.875e-06,4.0584e-05,5892,163,3964
N400,cim,400,20,13,1,0,42,217,4.975e-05,7.834e-06,4.0541e-05,5892,163,3964
N400,cim,400,20,13,1,0,42,218,4.9792e-05,7.834e-06,4.0541e-05,5892,163,3964
N400,cim,400,20,13,1,0,42,219,4.9834e-05,7.833e-06,4.0541e-05,5892,163,3964
N400,cim,400,20,13,1,0,42,220,4.9875e-05,7.958e-06,4.05e-05,5892,163,3964
N400,cim,400,20,13,1,0,42,221,4.9833e-05,7.875e-06,4.0584e-05,5892,163,3964
N400,cim,400,20,13,1,0,42,222,4.9959e-05,7.875e-06,4.0708e-05,5892,163,3964
N400,cim,400,20,13,1,0,42,223,4.9916e-05,7.875e-06,4.0625e-05,5892,163,3964
N400,cim,400,20,13,1,0,42,224,4.9875e-05,7.875e-06,4.0583e-05,5892,163,3964
N400,cim,400,20,13,1,0,42,225,4.9834e-05,7.834e-06,4.0541e-05,5892,163,3964
N400,cim,400,20,13,1,0,42,226,4.9958e-05,7.917e-06,4.0625e-05,5892,163,3964
N400,cim,400,20,13,1,0,42,227,4.9875e-05,7.875e-06,4.0583e-05,5892,163,3964
N400,cim,400,20,13,1,0,42,228,5e-05,7.833e-06,4.0792e-05,5892,163,3964
N400,cim,400,20,13,1,0,42,229,4.9791e-05,7.791e-06,4.0542e-05,5892,163,3964
N400,cim,400,20,13,1,0,42,230,5.0042e-05,7.833e-06,4.0583e-05,5892,163,3964
N400,cim,400,20,13,1,0,42,231,5.9542e-05,9.709e-06,4.8375e-05,5892,163,3964
N400,cim,400,20,13,1,0,42,232,4.9833e-05,7.834e-06,4.0583e-05,5892,163,3964
N400,cim,400,20,13,1,0,42,233,4.5291e-05,7.708e-06,3.6292e-05,5892,163,3964
N400,cim,400,20,13,1,0,42,234,4.4541e-05,7.042e-06,3.6209e-05,5892,163,3964
N400,cim,400,20,13,1,0,42,235,4.4458e-05,7e-06,3.625e-05,5892,163,3964
N400,cim,400,20,13,1,0,42,236,4.4417e-05,6.958e-06,3.6208e-05,5892,163,3964
N400,cim,400,20,13,1,0,42,237,4.9958e-05,7.042e-06,4.125e-05,5892,163,3964
N400,cim,400,20,13,1,0,42,238,5.0834e-05,8.708e-06,4.0708e-05,5892,163,3964
N400,cim,400,20,13,1,0,42,239,4.9833e-05,7.791e-06,4.0583e-05,5892,163,3964
N400,cim,400,20,13,1,0,42,240,4.9958e-05,7.917e-06,4.0667e-05,5892,163,3964
N400,cim,400,20,13,1,0,42,241,4.4792e-05,7.416e-06,3.6125e-05,5892,163,3964
N400,cim,400,20,13,1,0,42,242,4.4709e-05,7.125e-06,3.6375e-05,5892,163,3964
N400,cim,400,20,13,1,0,42,243,4.4458e-05,7e-06,3.6167e-05,5892,163,3964
N400,cim,400,20,13,1,0,42,244,4.4709e-05,7.041e-06,3.6375e-05,5892,163,3964
N400,cim,400,20,13,1,0,42,245,4.4584e-05,7e-06,3.625e-05,5892,163,3964
N400,cim,400,20,13,1,0,42,246,4.4458e-05,7e-06,3.6208e-05,5892,163,3964
N400,cim,400,20,13,1,0,42,247,4.4417e-05,7e-06,3.6209e-05,5892,163,3964
N400,cim,400,20,13,1,0,42,248,4.4416e-05,7.084e-06,3.6125e-05,5892,163,3964
N400,cim,400,20,13,1,0,42,249,4.4458e-05,6.958e-06,3.625e-05,5892,163,3964
N400,cim,400,20,13,1,0,42,250,4.45e-05,7e-06,3.6292e-05,5892,163,3964
N400,cim,400,20,13,1,0,42,251,4.4667e-05,7.041e-06,3.6334e-05,5892,163,3964
N400,cim,400,20,13,1,0,42,252,6.0875e-05,9.834e-06,4.975e-05,5892,163,3964
N400,cim,400,20,13,1,0,42,253,5.9834e-05,9.75e-06,4.8792e-05,5892,163,3964
N400,cim,400,20,13,1,0,42,254,4.4375e-05,7.042e-06,3.6125e-05,5892,163,3964
N400,cim,400,20,13,1,0,42,255,4.4417e-05,6.917e-06,3.6167e-05,5892,163,3964
N400,cim,400,20,13,1,0,42,256,4.4666e-05,7.042e-06,3.6375e-05,5892,163,3964
N400,cim,400,20,13,1,0,42,257,4.4292e-05,6.958e-06,3.6083e-05,5892,163,3964
N400,cim,400,20,13,1,0,42,258,5.6459e-05,7.083e-06,4.7667e-05,5892,163,3964
N400,cim,400,20,13,1,0,42,259,4.6459e-05,9e-06,3.6125e-05,5892,163,3964
N400,cim,400,20,13,1,0,42,260,5.1667e-05,7.041e-06,4.2917e-05,5892,163,3964
N400,cim,400,20,13,1,0,42,261,5.1458e-05,9.791e-06,4.0375e-05,5892,163,3964
N400,cim,400,20,13,1,0,42,262,4.4417e-05,6.959e-06,3.6166e-05,5892,163,3964
N400,cim,400,20,13,1,0,42,263,4.45e-05,7.083e-06,3.6167e-05,5892,163,3964
N400,cim,400,20,13,1,0,42,264,6.0084e-05,9e-06,4.9833e-05,5892,163,3964
N400,cim,400,20,13,1,0,42,265,4.95e-05,7.042e-06,4.0708e-05,5892,163,3964
N400,cim,400,20,13,1,0,42,266,5.3333e-05,9.708e-06,4.2333e-05,5892,163,3964
N400,cim,400,20,13,1,0,42,267,4.4416e-05,6.958e-06,3.6208e-05,5892,163,3964
N400,cim,400,20,13,1,0,42,268,4.45e-05,6.958e-06,3.6292e-05,5892,163,3964
N400,cim,400,20,13,1,0,42,269,4.4375e-05,6.958e-06,3.6125e-05,5892,163,3964
N400,cim,400,20,13,1,0,42,270,4.4417e-05,7e-06,3.6167e-05,5892,163,3964
N400,cim,400,20,13,1,0,42,271,4.4375e-05,7e-06,3.6084e-05,5892,163,3964
N400,cim,400,20,13,1,0,42,272,4.4416e-05,7e-06,3.6167e-05,5892,163,3964
N400,cim,400,20,13,1,0,42,273,4.4458e-05,6.958e-06,3.6209e-05,5892,163,3964
N400,cim,400,20,13,1,0,42,274,4.4291e-05,6.917e-06,3.6125e-05,5892,163,3964
N400,cim,400,20,13,1,0,42,275,4.4416e-05,6.958e-06,3.6167e-05,5892,163,3964
N400,cim,400,20,13,1,0,42,276,4.4416e-05,6.958e-06,3.6167e-05,5892,163,3964
N400,cim,400,20,13,1,0,42,277,4.4375e-05,6.958e-06,3.6167e-05,5892,163,3964
N400,cim,400,20,13,1,0,42,278,4.4458e-05,7.042e-06,3.6166e-05,5892,163,3964
N400,cim,400,20,13,1,0,42,279,4.4417e-05,6.959e-06,3.6166e-05,5892,163,3964
N400,cim,400,20,13,1,0,42,280,4.4375e-05,6.958e-06,3.6125e-05,5892,163,3964
N400,cim,400,20,13,1,0,42,281,4.4375e-05,6.958e-06,3.6167e-05,5892,163,3964
N400,cim,400,20,13,1,0,42,282,4.7e-05,7e-06,3.825e-05,5892,163,3964
N400,cim,400,20,13,1,0,42,283,5.575e-05,9.75e-06,4.4709e-05,5892,163,3964
N400,cim,400,20,13,1,0,42,284,4.3958e-05,6.917e-06,3.5792e-05,5892,163,3964
N400,cim,400,20,13,1,0,42,285,4.3833e-05,6.959e-06,3.5625e-05,5892,163,3964
N400,cim,400,20,13,1,0,42,286,4.4e-05,6.917e-06,3.5833e-05,5892,163,3964
N400,cim,400,20,13,1,0,42,287,4.6958e-05,6.917e-06,3.875e-05,5892,163,3964
N400,cim,400,20,13,1,0,42,288,4.4416e-05,7e-06,3.6125e-05,5892,163,3964
N400,cim,400,20,13,1,0,42,289,4.4416e-05,6.958e-06,3.6125e-05,5892,163,3964
N400,cim,400,20,13,1,0,42,290,4.4375e-05,6.958e-06,3.6209e-05,5892,163,3964
N400,cim,400,20,13,1,0,42,291,4.45e-05,7e-06,3.625e-05,5892,163,3964
N400,cim,400,20,13,1,0,42,292,4.4458e-05,6.959e-06,3.625e-05,5892,163,3964
N400,cim,400,20,13,1,0,42,293,4.4291e-05,6.958e-06,3.6042e-05,5892,163,3964
N400,cim,400,20,13,1,0,42,294,4.4541e-05,7e-06,3.625e-05,5892,163,3964
N400,cim,400,20,13,1,0,42,295,4.4458e-05,7e-06,3.625e-05,5892,163,3964
N400,cim,400,20,13,1,0,42,296,4.6917e-05,7.042e-06,3.8375e-05,5892,163,3964
N400,cim,400,20,13,1,0,42,297,5.4542e-05,9.792e-06,4.3333e-05,5892,163,3964
N400,cim,400,20,13,1,0,42,298,4.9875e-05,7.875e-06,4.0541e-05,5892,163,3964
N400,cim,400,20,13,1,0,42,299,4.975e-05,7.834e-06,4.05e-05,5892,163,3964
N400,cim,400,20,13,1,0,42,300,6.1458e-05,9.625e-06,5.0083e-05,5892,163,3964
N400,cim,400,20,13,1,0,42,301,4.9e-05,9.75e-06,3.7916e-05,5892,163,3964
N400,cim,400,20,13,1,0,42,302,4.8584e-05,7e-06,3.9834e-05,5892,163,3964
N400,cim,400,20,13,1,0,42,303,5.1584e-05,9.667e-06,4.0458e-05,5892,163,3964
N400,cim,400,20,13,1,0,42,304,4.9959e-05,7.916e-06,4.0583e-05,5892,163,3964
N400,cim,400,20,13,1,0,42,305,4.9833e-05,7.833e-06,4.0625e-05,5892,163,3964
N400,cim,400,20,13,1,0,42,306,4.9917e-05,7.834e-06,4.0708e-05,5892,163,3964
N400,cim,400,20,13,1,0,42,307,4.6875e-05,6.958e-06,3.825e-05,5892,163,3964
N400,cim,400,20,13,1,0,42,308,5.5792e-05,9.834e-06,4.4667e-05,5892,163,3964
N400,cim,400,20,13,1,0,42,309,4.4375e-05,6.917e-06,3.6166e-05,5892,163,3964
N400,cim,400,20,13,1,0,42,310,4.4417e-05,6.958e-06,3.6208e-05,5892,163,3964
N400,cim,400,20,13,1,0,42,311,4.4334e-05,6.958e-06,3.6125e-05,5892,163,3964
N400,cim,400,20,13,1,0,42,312,4.45e-05,7e-06,3.625e-05,5892,163,3964
N400,cim,400,20,13,1,0,42,313,5.625e-05,7e-06,4.7541e-05,5892,163,3964
N400,cim,400,20,13,1,0,42,314,4.6667e-05,9.125e-06,3.625e-05,5892,163,3964
N400,cim,400,20,13,1,0,42,315,4.4375e-05,6.958e-06,3.6209e-05,5892,163,3964
N400,cim,400,20,13,1,0,42,316,5.8583e-05,6.958e-06,4.9875e-05,5892,163,3964
N400,cim,400,20,13,1,0,42,317,6.0125e-05,9.75e-06,4.9083e-05,5892,163,3964
N400,cim,400,20,13,1,0,42,318,4.5542e-05,7e-06,3.6875e-05,5892,163,3964
N400,cim,400,20,13,1,0,42,319,5.7208e-05,9.75e-06,4.6125e-05,5892,163,3964
N400,cim,400,20,13,1,0,42,320,4.45e-05,7e-06,3.6208e-05,5892,163,3964
N400,cim,400,20,13,1,0,42,321,4.45e-05,7.042e-06,3.6125e-05,5892,163,3964
N400,cim,400,20,13,1,0,42,322,4.4416e-05,7e-06,3.6167e-05,5892,163,3964
N400,cim,400,20,13,1,0,42,323,5.7041e-05,7.042e-06,4.8292e-05,5892,163,3964
N400,cim,400,20,13,1,0,42,324,5.8458e-05,8.375e-06,4.8333e-05,5892,163,3964
N400,cim,400,20,13,1,0,42,325,4.5958e-05,8.458e-06,3.6209e-05,5892,163,3964
N400,cim,400,20,13,1,0,42,326,4.4625e-05,7.083e-06,3.6292e-05,5892,163,3964
N400,cim,400,20,13,1,0,42,327,4.7917e-05,7.083e-06,3.9083e-05,5892,163,3964
N400,cim,400,20,13,1,0,42,328,5.5083e-05,9.791e-06,4.4042e-05,5892,163,3964
N400,cim,400,20,13,1,0,42,329,4.45e-05,7e-06,3.625e-05,5892,163,3964
N400,cim,400,20,13,1,0,42,330,5.6541e-05,6.958e-06,4.7917e-05,5892,163,3964
N400,cim,400,20,13,1,0,42,331,4.6166e-05,8.75e-06,3.6167e-05,5892,163,3964
N400,cim,400,20,13,1,0,42,332,4.4458e-05,7.042e-06,3.6166e-05,5892,163,3964
N400,cim,400,20,13,1,0,42,333,4.4375e-05,6.958e-06,3.6125e-05,5892,163,3964
N400,cim,400,20,13,1,0,42,334,4.5041e-05,6.958e-06,3.6333e-05,5892,163,3964
N400,cim,400,20,13,1,0,42,335,5.7917e-05,9.792e-06,4.675e-05,5892,163,3964
N400,cim,400,20,13,1,0,42,336,4.4375e-05,7e-06,3.6166e-05,5892,163,3964
N400,cim,400,20,13,1,0,42,337,4.4375e-05,6.958e-06,3.6167e-05,5892,163,3964
N400,cim,400,20,13,1,0,42,338,4.4542e-05,7e-06,3.625e-05,5892,163,3964
N400,cim,400,20,13,1,0,42,339,6.0167e-05,8.375e-06,5.025e-05,5892,163,3964
N400,cim,400,20,13,1,0,42,340,4.45e-05,6.958e-06,3.6208e-05,5892,163,3964
N400,cim,400,20,13,1,0,42,341,4.4541e-05,7e-06,3.625e-05,5892,163,3964
N400,cim,400,20,13,1,0,42,342,4.4458e-05,7e-06,3.6208e-05,5892,163,3964
N400,cim,400,20,13,1,0,42,343,4.45e-05,6.916e-06,3.625e-05,5892,163,3964
N400,cim,400,20,13,1,0,42,344,4.4459e-05,7e-06,3.6208e-05,5892,163,3964
N400,cim,400,20,13,1,0,42,345,4.4458e-05,7e-06,3.6167e-05,5892,163,3964
N400,cim,400,20,13,1,0,42,346,4.4584e-05,7.041e-06,3.6292e-05,5892,163,3964
N400,cim,400,20,13,1,0,42,347,4.4458e-05,7e-06,3.6208e-05,5892,163,3964
N400,cim,400,20,13,1,0,42,348,4.4375e-05,7e-06,3.6083e-05,5892,163,3964
N400,cim,400,20,13,1,0,42,349,4.4417e-05,6.958e-06,3.6167e-05,5892,163,3964
N400,cim,400,20,13,1,0,42,350,4.7708e-05,7.042e-06,3.8958e-05,5892,163,3964
N400,cim,400,20,13,1,0,42,351,6.1625e-05,9.75e-06,5.0125e-05,5892,163,3964
N400,cim,400,20,13,1,0,42,352,5.6042e-05,9.75e-06,4.5e-05,5892,163,3964
N400,cim,400,20,13,1,0,42,353,4.3958e-05,6.917e-06,3.5833e-05,5892,163,3964
N400,cim,400,20,13,1,0,42,354,4.4e-05,6.917e-06,3.5792e-05,5892,163,3964
N400,cim,400,20,13,1,0,42,355,4.3917e-05,6.875e-06,3.5791e-05,5892,163,3964
N400,cim,400,20,13,1,0,42,356,4.3958e-05,6.917e-06,3.5791e-05,5892,163,3964
N400,cim,400,20,13,1,0,42,357,4.3959e-05,6.916e-06,3.575e-05,5892,163,3964
N400,cim,400,20,13,1,0,42,358,4.3959e-05,6.916e-06,3.5792e-05,5892,163,3964
N400,cim,400,20,13,1,0,42,359,4.3875e-05,6.875e-06,3.575e-05,5892,163,3964
N400,cim,400,20,13,1,0,42,360,4.4041e-05,6.958e-06,3.5792e-05,5892,163,3964
N400,cim,400,20,13,1,0,42,361,4.3875e-05,6.875e-06,3.5792e-05,5892,163,3964
N400,cim,400,20,13,1,0,42,362,4.4041e-05,6.958e-06,3.5834e-05,5892,163,3964
N400,cim,400,20,13,1,0,42,363,4.4e-05,6.875e-06,3.5875e-05,5892,163,3964
N400,cim,400,20,13,1,0,42,364,4.4e-05,6.917e-06,3.5875e-05,5892,163,3964
N400,cim,400,20,13,1,0,42,365,4.9375e-05,6.875e-06,4.1167e-05,5892,163,3964
N400,cim,400,20,13,1,0,42,366,4.3958e-05,6.917e-06,3.5833e-05,5892,163,3964
N400,cim,400,20,13,1,0,42,367,4.6833e-05,6.917e-06,3.8542e-05,5892,163,3964
N400,cim,400,20,13,1,0,42,368,4.425e-05,7.042e-06,3.5917e-05,5892,163,3964
N400,cim,400,20,13,1,0,42,369,4.3917e-05,6.875e-06,3.5791e-05,5892,163,3964
N400,cim,400,20,13,1,0,42,370,4.7125e-05,6.875e-06,3.8666e-05,5892,163,3964
N400,cim,400,20,13,1,0,42,371,4.5041e-05,8e-06,3.5791e-05,5892,163,3964
N400,cim,400,20,13,1,0,42,372,4.3958e-05,6.917e-06,3.5833e-05,5892,163,3964
N400,cim,400,20,13,1,0,42,373,4.3916e-05,6.875e-06,3.5833e-05,5892,163,3964
N400,cim,400,20,13,1,0,42,374,4.4167e-05,7.042e-06,3.5875e-05,5892,163,3964
N400,cim,400,20,13,1,0,42,375,4.3917e-05,6.916e-06,3.575e-05,5892,163,3964
N400,cim,400,20,13,1,0,42,376,4.3959e-05,6.875e-06,3.5833e-05,5892,163,3964
N400,cim,400,20,13,1,0,42,377,4.4041e-05,6.875e-06,3.5917e-05,5892,163,3964
N400,cim,400,20,13,1,0,42,378,4.4e-05,6.917e-06,3.5875e-05,5892,163,3964
N400,cim,400,20,13,1,0,42,379,4.425e-05,7e-06,3.6042e-05,5892,163,3964
N400,cim,400,20,13,1,0,42,380,4.3959e-05,6.875e-06,3.5834e-05,5892,163,3964
N400,cim,400,20,13,1,0,42,381,4.3959e-05,6.916e-06,3.5834e-05,5892,163,3964
N400,cim,400,20,13,1,0,42,382,4.4083e-05,6.917e-06,3.5958e-05,5892,163,3964
N400,cim,400,20,13,1,0,42,383,4.3958e-05,6.875e-06,3.5792e-05,5892,163,3964
N400,cim,400,20,13,1,0,42,384,4.4042e-05,6.917e-06,3.5875e-05,5892,163,3964
N400,cim,400,20,13,1,0,42,385,4.3958e-05,6.958e-06,3.575e-05,5892,163,3964
N400,cim,400,20,13,1,0,42,386,4.4083e-05,6.958e-06,3.5875e-05,5892,163,3964
N400,cim,400,20,13,1,0,42,387,4.3958e-05,6.875e-06,3.5833e-05,5892,163,3964
N400,cim,400,20,13,1,0,42,388,4.3916e-05,6.917e-06,3.5833e-05,5892,163,3964
N400,cim,400,20,13,1,0,42,389,4.3917e-05,6.875e-06,3.5792e-05,5892,163,3964
N400,cim,400,20,13,1,0,42,390,4.4042e-05,6.916e-06,3.5917e-05,5892,163,3964
N400,cim,400,20,13,1,0,42,391,4.3958e-05,7.042e-06,3.5666e-05,5892,163,3964
N400,cim,400,20,13,1,0,42,392,4.4041e-05,6.875e-06,3.5916e-05,5892,163,3964
N400,cim,400,20,13,1,0,42,393,4.3917e-05,6.875e-06,3.5792e-05,5892,163,3964
N400,cim,400,20,13,1,0,42,394,4.4e-05,6.959e-06,3.5791e-05,5892,163,3964
N400,cim,400,20,13,1,0,42,395,4.3917e-05,6.875e-06,3.5792e-05,5892,163,3964
N400,cim,400,20,13,1,0,42,396,4.4e-05,6.875e-06,3.5833e-05,5892,163,3964
N400,cim,400,20,13,1,0,42,397,4.3917e-05,6.875e-06,3.5833e-05,5892,163,3964
N400,cim,400,20,13,1,0,42,398,4.4458e-05,6.917e-06,3.6e-05,5892,163,3964
N400,cim,400,20,13,1,0,42,399,4.7792e-05,8.709e-06,3.7833e-05,5892,163,3964
N400,cim,400,20,13,1,0,42,400,4.3958e-05,6.917e-06,3.5791e-05,5892,163,3964
N400,cim,400,20,13,1,0,42,401,4.7625e-05,6.917e-06,3.9125e-05,5892,163,3964
N400,cim,400,20,13,1,0,42,402,4.4541e-05,7.417e-06,3.5875e-05,5892,163,3964
N400,cim,400,20,13,1,0,42,403,4.9334e-05,6.917e-06,4.1167e-05,5892,163,3964
N400,cim,400,20,13,1,0,42,404,4.4e-05,6.916e-06,3.5792e-05,5892,163,3964
N400,cim,400,20,13,1,0,42,405,4.8959e-05,6.834e-06,4.0542e-05,5892,163,3964
N400,cim,400,20,13,1,0,42,406,4.4042e-05,6.917e-06,3.5875e-05,5892,163,3964
N400,cim,400,20,13,1,0,42,407,4.3833e-05,6.917e-06,3.5666e-05,5892,163,3964
N400,cim,400,20,13,1,0,42,408,4.95e-05,7.333e-06,4.0959e-05,5892,163,3964
N400,cim,400,20,13,1,0,42,409,4.3875e-05,6.875e-06,3.575e-05,5892,163,3964
N400,cim,400,20,13,1,0,42,410,4.5e-05,6.875e-06,3.6792e-05,5892,163,3964
N400,cim,400,20,13,1,0,42,411,4.5083e-05,7e-06,3.6792e-05,5892,163,3964
N400,cim,400,20,13,1,0,42,412,5.0125e-05,7.041e-06,4.15e-05,5892,163,3964
N400,cim,400,20,13,1,0,42,413,4.3875e-05,6.917e-06,3.5708e-05,5892,163,3964
N400,cim,400,20,13,1,0,42,414,4.4e-05,6.917e-06,3.5833e-05,5892,163,3964
N400,cim,400,20,13,1,0,42,415,4.3916e-05,6.958e-06,3.5709e-05,5892,163,3964
N400,cim,400,20,13,1,0,42,416,4.4041e-05,6.917e-06,3.5875e-05,5892,163,3964
N400,cim,400,20,13,1,0,42,417,4.3917e-05,6.917e-06,3.575e-05,5892,163,3964
N400,cim,400,20,13,1,0,42,418,4.4042e-05,6.875e-06,3.5916e-05,5892,163,3964
N400,cim,400,20,13,1,0,42,419,4.4e-05,6.833e-06,3.5833e-05,5892,163,3964
N400,cim,400,20,13,1,0,42,420,4.4125e-05,6.958e-06,3.5917e-05,5892,163,3964
N400,cim,400,20,13,1,0,42,421,4.5042e-05,6.875e-06,3.6916e-05,5892,163,3964
N400,cim,400,20,13,1,0,42,422,4.3792e-05,6.875e-06,3.5708e-05,5892,163,3964
N400,cim,400,20,13,1,0,42,423,4.4041e-05,7e-06,3.5833e-05,5892,163,3964
N400,cim,400,20,13,1,0,42,424,4.4125e-05,7e-06,3.5875e-05,5892,163,3964
N400,cim,400,20,13,1,0,42,425,4.3958e-05,6.875e-06,3.5834e-05,5892,163,3964
N400,cim,400,20,13,1,0,42,426,4.3916e-05,6.875e-06,3.575e-05,5892,163,3964
N400,cim,400,20,13,1,0,42,427,4.3875e-05,6.875e-06,3.575e-05,5892,163,3964
N400,cim,400,20,13,1,0,42,428,4.3958e-05,6.958e-06,3.575e-05,5892,163,3964
N400,cim,400,20,13,1,0,42,429,4.4e-05,6.917e-06,3.5792e-05,5892,163,3964
N400,cim,400,20,13,1,0,42,430,4.4042e-05,6.916e-06,3.5875e-05,5892,163,3964
N400,cim,400,20,13,1,0,42,431,4.3958e-05,6.875e-06,3.5875e-05,5892,163,3964
N400,cim,400,20,13,1,0,42,432,4.4083e-05,6.917e-06,3.5917e-05,5892,163,3964
N400,cim,400,20,13,1,0,42,433,4.3959e-05,6.875e-06,3.5792e-05,5892,163,3964
N400,cim,400,20,13,1,0,42,434,4.3959e-05,6.875e-06,3.5792e-05,5892,163,3964
N400,cim,400,20,13,1,0,42,435,4.3959e-05,6.958e-06,3.575e-05,5892,163,3964
N400,cim,400,20,13,1,0,42,436,4.4042e-05,6.875e-06,3.5792e-05,5892,163,3964
N400,cim,400,20,13,1,0,42,437,4.3916e-05,6.917e-06,3.575e-05,5892,163,3964
N400,cim,400,20,13,1,0,42,438,4.4042e-05,6.917e-06,3.5833e-05,5892,163,3964
N400,cim,400,20,13,1,0,42,439,4.8375e-05,6.958e-06,3.9875e-05,5892,163,3964
N400,cim,400,20,13,1,0,42,440,4.9125e-05,6.958e-06,4.0459e-05,5892,163,3964
N400,cim,400,20,13,1,0,42,441,5.1208e-05,9.125e-06,4.0583e-05,5892,163,3964
N400,cim,400,20,13,1,0,42,442,4.4459e-05,7.042e-06,3.6125e-05,5892,163,3964
N400,cim,400,20,13,1,0,42,443,4.4458e-05,7e-06,3.6209e-05,5892,163,3964
N400,cim,400,20,13,1,0,42,444,4.4291e-05,7e-06,3.6042e-05,5892,163,3964
N400,cim,400,20,13,1,0,42,445,6.0083e-05,9.458e-06,4.9333e-05,5892,163,3964
N400,cim,400,20,13,1,0,42,446,5.825e-05,7e-06,4.9542e-05,5892,163,3964
N400,cim,400,20,13,1,0,42,447,4.4833e-05,7.291e-06,3.6208e-05,5892,163,3964
N400,cim,400,20,13,1,0,42,448,4.4458e-05,7.042e-06,3.6125e-05,5892,163,3964
N400,cim,400,20,13,1,0,42,449,4.4416e-05,6.958e-06,3.6209e-05,5892,163,3964
N400,cim,400,20,13,1,0,42,450,5.3291e-05,6.958e-06,4.4583e-05,5892,163,3964
N400,cim,400,20,13,1,0,42,451,4.975e-05,9.791e-06,3.8667e-05,5892,163,3964
N400,cim,400,20,13,1,0,42,452,4.45e-05,7e-06,3.6209e-05,5892,163,3964
N400,cim,400,20,13,1,0,42,453,4.4458e-05,7e-06,3.625e-05,5892,163,3964
N400,cim,400,20,13,1,0,42,454,4.4458e-05,7e-06,3.6209e-05,5892,163,3964
N400,cim,400,20,13,1,0,42,455,4.4416e-05,6.958e-06,3.6209e-05,5892,163,3964
N400,cim,400,20,13,1,0,42,456,4.4708e-05,7.208e-06,3.625e-05,5892,163,3964
N400,cim,400,20,13,1,0,42,457,5.4e-05,7.083e-06,4.5208e-05,5892,163,3964
N400,cim,400,20,13,1,0,42,458,4.8625e-05,9.792e-06,3.7583e-05,5892,163,3964
N400,cim,400,20,13,1,0,42,459,4.3916e-05,6.917e-06,3.575e-05,5892,163,3964
N400,cim,400,20,13,1,0,42,460,4.4042e-05,6.959e-06,3.5834e-05,5892,163,3964
N400,cim,400,20,13,1,0,42,461,4.3917e-05,6.875e-06,3.575e-05,5892,163,3964
N400,cim,400,20,13,1,0,42,462,4.4e-05,6.958e-06,3.5792e-05,5892,163,3964
N400,cim,400,20,13,1,0,42,463,4.3875e-05,6.834e-06,3.575e-05,5892,163,3964
N400,cim,400,20,13,1,0,42,464,4.4042e-05,6.917e-06,3.5917e-05,5892,163,3964
N400,cim,400,20,13,1,0,42,465,4.4e-05,6.916e-06,3.5834e-05,5892,163,3964
N400,cim,400,20,13,1,0,42,466,4.4167e-05,7.041e-06,3.5917e-05,5892,163,3964
N400,cim,400,20,13,1,0,42,467,4.4041e-05,6.917e-06,3.5875e-05,5892,163,3964
N400,cim,400,20,13,1,0,42,468,4.4125e-05,6.916e-06,3.5917e-05,5892,163,3964
N400,cim,400,20,13,1,0,42,469,4.4e-05,6.834e-06,3.5875e-05,5892,163,3964
N400,cim,400,20,13,1,0,42,470,4.4209e-05,7.083e-06,3.5875e-05,5892,163,3964
N400,cim,400,20,13,1,0,42,471,4.3834e-05,6.916e-06,3.5709e-05,5892,163,3964
N400,cim,400,20,13,1,0,42,472,4.4084e-05,6.916e-06,3.5875e-05,5892,163,3964
N400,cim,400,20,13,1,0,42,473,4.3916e-05,6.875e-06,3.5791e-05,5892,163,3964
N400,cim,400,20,13,1,0,42,474,4.3916e-05,6.875e-06,3.5791e-05,5892,163,3964
N400,cim,400,20,13,1,0,42,475,4.3958e-05,6.959e-06,3.5709e-05,5892,163,3964
N400,cim,400,20,13,1,0,42,476,4.3958e-05,6.875e-06,3.5792e-05,5892,163,3964
N400,cim,400,20,13,1,0,42,477,4.9208e-05,6.875e-06,4.1084e-05,5892,163,3964
N400,cim,400,20,13,1,0,42,478,4.3958e-05,6.917e-06,3.5792e-05,5892,163,3964
N400,cim,400,20,13,1,0,42,479,4.3875e-05,6.917e-06,3.5708e-05,5892,163,3964
N400,cim,400,20,13,1,0,42,480,4.4125e-05,6.917e-06,3.6e-05,5892,163,3964
N400,cim,400,20,13,1,0,42,481,4.3917e-05,6.875e-06,3.5791e-05,5892,163,3964
N400,cim,400,20,13,1,0,42,482,4.4e-05,6.917e-06,3.5875e-05,5892,163,3964
N400,cim,400,20,13,1,0,42,483,4.3917e-05,6.916e-06,3.5792e-05,5892,163,3964
N400,cim,400,20,13,1,0,42,484,4.4e-05,6.875e-06,3.5916e-05,5892,163,3964
N400,cim,400,20,13,1,0,42,485,4.3875e-05,6.917e-06,3.5708e-05,5892,163,3964
N400,cim,400,20,13,1,0,42,486,4.4e-05,6.917e-06,3.5792e-05,5892,163,3964
N400,cim,400,20,13,1,0,42,487,4.3959e-05,6.916e-06,3.5792e-05,5892,163,3964
N400,cim,400,20,13,1,0,42,488,4.4042e-05,6.875e-06,3.5917e-05,5892,163,3964
N400,cim,400,20,13,1,0,42,489,4.9625e-05,7.167e-06,4.125e-05,5892,163,3964
N400,cim,400,20,13,1,0,42,490,4.4e-05,6.916e-06,3.5834e-05,5892,163,3964
N400,cim,400,20,13,1,0,42,491,4.4e-05,6.917e-06,3.5875e-05,5892,163,3964
N400,cim,400,20,13,1,0,42,492,4.7042e-05,6.916e-06,3.8917e-05,5892,163,3964
N400,cim,400,20,13,1,0,42,493,4.4083e-05,7.042e-06,3.5833e-05,5892,163,3964
N400,cim,400,20,13,1,0,42,494,4.4208e-05,6.875e-06,3.5875e-05,5892,163,3964
N400,cim,400,20,13,1,0,42,495,4.4e-05,6.875e-06,3.5875e-05,5892,163,3964
N400,cim,400,20,13,1,0,42,496,4.4125e-05,7e-06,3.5916e-05,5892,163,3964
N400,cim,400,20,13,1,0,42,497,4.6958e-05,6.917e-06,3.8541e-05,5892,163,3964
N400,cim,400,20,13,1,0,42,498,4.4542e-05,7e-06,3.6209e-05,5892,163,3964
N400,cim,400,20,13,1,0,42,499,5.9459e-05,9.75e-06,4.8375e-05,5892,163,3964
N400,cim,400,20,13,1,0,42,500,4.4583e-05,7e-06,3.6334e-05,5892,163,3964
N400,cim,400,20,13,1,0,42,501,4.4459e-05,7e-06,3.6208e-05,5892,163,3964
N400,cim,400,20,13,1,0,42,502,4.95e-05,7e-06,4.0792e-05,5892,163,3964
N400,cim,400,20,13,1,0,42,503,5.9125e-05,9.708e-06,4.7625e-05,5892,163,3964
N400,cim,400,20,13,1,0,42,504,5.5416e-05,8.625e-06,4.5041e-05,5892,163,3964
N400,cim,400,20,13,1,0,42,505,5.5083e-05,7e-06,4.6625e-05,5892,163,3964
N400,cim,400,20,13,1,0,42,506,4.9917e-05,7.917e-06,4.0625e-05,5892,163,3964
N400,cim,400,20,13,1,0,42,507,4.9875e-05,7.792e-06,4.0625e-05,5892,163,3964
N400,cim,400,20,13,1,0,42,508,4.9917e-05,7.875e-06,4.0666e-05,5892,163,3964
N400,cim,400,20,13,1,0,42,509,4.9791e-05,7.833e-06,4.0584e-05,5892,163,3964
N400,cim,400,20,13,1,0,42,510,4.9917e-05,7.875e-06,4.0542e-05,5892,163,3964
N400,cim,400,20,13,1,0,42,511,5.1875e-05,7.834e-06,4.2291e-05,5892,163,3964
N400,cim,400,20,13,1,0,42,512,5.7584e-05,9.75e-06,4.6542e-05,5892,163,3964
N400,cim,400,20,13,1,0,42,513,4.4375e-05,6.917e-06,3.6167e-05,5892,163,3964
N400,cim,400,20,13,1,0,42,514,4.4542e-05,6.959e-06,3.6292e-05,5892,163,3964
N400,cim,400,20,13,1,0,42,515,4.45e-05,7.042e-06,3.6208e-05,5892,163,3964
N400,cim,400,20,13,1,0,42,516,4.4458e-05,7e-06,3.625e-05,5892,163,3964
N400,cim,400,20,13,1,0,42,517,4.4375e-05,7e-06,3.6125e-05,5892,163,3964
N400,cim,400,20,13,1,0,42,518,4.45e-05,6.958e-06,3.625e-05,5892,163,3964
N400,cim,400,20,13,1,0,42,519,4.4375e-05,6.958e-06,3.6209e-05,5892,163,3964
N400,cim,400,20,13,1,0,42,520,5.5708e-05,9.833e-06,4.4416e-05,5892,163,3964
N400,cim,400,20,13,1,0,42,521,4.9833e-05,7.833e-06,4.0542e-05,5892,163,3964
N400,cim,400,20,13,1,0,42,522,4.9958e-05,7.834e-06,4.075e-05,5892,163,3964
N400,cim,400,20,13,1,0,42,523,4.9959e-05,7.958e-06,4.0625e-05,5892,163,3964
N400,cim,400,20,13,1,0,42,524,4.7167e-05,7.875e-06,3.8041e-05,5892,163,3964
N400,cim,400,20,13,1,0,42,525,5.1292e-05,7e-06,4.2583e-05,5892,163,3964
N400,cim,400,20,13,1,0,42,526,5.1459e-05,9.75e-06,4.0375e-05,5892,163,3964
N400,cim,400,20,13,1,0,42,527,4.3917e-05,6.875e-06,3.5792e-05,5892,163,3964
N400,cim,400,20,13,1,0,42,528,4.5333e-05,6.959e-06,3.6875e-05,5892,163,3964
N400,cim,400,20,13,1,0,42,529,4.6791e-05,8.625e-06,3.6834e-05,5892,163,3964
N400,cim,400,20,13,1,0,42,530,4.7e-05,6.917e-06,3.8833e-05,5892,163,3964
N400,cim,400,20,13,1,0,42,531,4.4417e-05,7.042e-06,3.6125e-05,5892,163,3964
N400,cim,400,20,13,1,0,42,532,4.4458e-05,7.042e-06,3.6167e-05,5892,163,3964
N400,cim,400,20,13,1,0,42,533,4.4541e-05,7.042e-06,3.6208e-05,5892,163,3964
N400,cim,400,20,13,1,0,42,534,4.45e-05,7e-06,3.625e-05,5892,163,3964
N400,cim,400,20,13,1,0,42,535,4.4458e-05,6.958e-06,3.6167e-05,5892,163,3964
N400,cim,400,20,13,1,0,42,536,4.45e-05,7.042e-06,3.6208e-05,5892,163,3964
N400,cim,400,20,13,1,0,42,537,4.45e-05,7e-06,3.625e-05,5892,163,3964
N400,cim,400,20,13,1,0,42,538,4.4583e-05,7.042e-06,3.625e-05,5892,163,3964
N400,cim,400,20,13,1,0,42,539,4.45e-05,7.042e-06,3.6125e-05,5892,163,3964
N400,cim,400,20,13,1,0,42,540,4.4542e-05,6.958e-06,3.6291e-05,5892,163,3964
N400,cim,400,20,13,1,0,42,541,4.4459e-05,7e-06,3.6167e-05,5892,163,3964
N400,cim,400,20,13,1,0,42,542,4.4458e-05,6.959e-06,3.625e-05,5892,163,3964
N400,cim,400,20,13,1,0,42,543,4.4333e-05,7e-06,3.6125e-05,5892,163,3964
N400,cim,400,20,13,1,0,42,544,4.4667e-05,7.084e-06,3.6333e-05,5892,163,3964
N400,cim,400,20,13,1,0,42,545,4.4458e-05,7e-06,3.6208e-05,5892,163,3964
N400,cim,400,20,13,1,0,42,546,4.45e-05,7.041e-06,3.6209e-05,5892,163,3964
N400,cim,400,20,13,1,0,42,547,4.4417e-05,7e-06,3.6209e-05,5892,163,3964
N400,cim,400,20,13,1,0,42,548,4.4458e-05,7e-06,3.625e-05,5892,163,3964
N400,cim,400,20,13,1,0,42,549,4.4416e-05,6.958e-06,3.6167e-05,5892,163,3964
N400,cim,400,20,13,1,0,42,550,4.4541e-05,6.958e-06,3.6333e-05,5892,163,3964
N400,cim,400,20,13,1,0,42,551,4.4542e-05,7e-06,3.6208e-05,5892,163,3964
N400,cim,400,20,13,1,0,42,552,4.45e-05,7e-06,3.625e-05,5892,163,3964
N400,cim,400,20,13,1,0,42,553,4.4375e-05,6.958e-06,3.6208e-05,5892,163,3964
N400,cim,400,20,13,1,0,42,554,4.45e-05,7e-06,3.6208e-05,5892,163,3964
N400,cim,400,20,13,1,0,42,555,4.4416e-05,6.958e-06,3.6167e-05,5892,163,3964
N400,cim,400,20,13,1,0,42,556,4.4417e-05,6.958e-06,3.6125e-05,5892,163,3964
N400,cim,400,20,13,1,0,42,557,4.4458e-05,7e-06,3.6167e-05,5892,163,3964
N400,cim,400,20,13,1,0,42,558,4.45e-05,7e-06,3.625e-05,5892,163,3964
N400,cim,400,20,13,1,0,42,559,4.45e-05,7e-06,3.625e-05,5892,163,3964
N400,cim,400,20,13,1,0,42,560,4.4417e-05,7e-06,3.6125e-05,5892,163,3964
N400,cim,400,20,13,1,0,42,561,4.4375e-05,7e-06,3.6083e-05,5892,163,3964
N400,cim,400,20,13,1,0,42,562,4.4542e-05,7.084e-06,3.6167e-05,5892,163,3964
N400,cim,400,20,13,1,0,42,563,4.4417e-05,7e-06,3.6209e-05,5892,163,3964
N400,cim,400,20,13,1,0,42,564,4.4417e-05,6.959e-06,3.6209e-05,5892,163,3964
N400,cim,400,20,13,1,0,42,565,4.4292e-05,6.959e-06,3.6125e-05,5892,163,3964
N400,cim,400,20,13,1,0,42,566,4.4458e-05,6.958e-06,3.6209e-05,5892,163,3964
N400,cim,400,20,13,1,0,42,567,4.45e-05,7.041e-06,3.6209e-05,5892,163,3964
N400,cim,400,20,13,1,0,42,568,4.4542e-05,7.041e-06,3.6208e-05,5892,163,3964
N400,cim,400,20,13,1,0,42,569,4.4416e-05,7e-06,3.6167e-05,5892,163,3964
N400,cim,400,20,13,1,0,42,570,4.4458e-05,6.958e-06,3.6208e-05,5892,163,3964
N400,cim,400,20,13,1,0,42,571,4.45e-05,7.041e-06,3.6209e-05,5892,163,3964
N400,cim,400,20,13,1,0,42,572,4.45e-05,7.042e-06,3.6208e-05,5892,163,3964
N400,cim,400,20,13,1,0,42,573,4.4583e-05,7.125e-06,3.6208e-05,5892,163,3964
N400,cim,400,20,13,1,0,42,574,5.4208e-05,7e-06,4.5417e-05,5892,163,3964
N400,cim,400,20,13,1,0,42,575,4.8458e-05,9.792e-06,3.7375e-05,5892,163,3964
N400,cim,400,20,13,1,0,42,576,4.6208e-05,6.958e-06,3.7709e-05,5892,163,3964
N400,cim,400,20,13,1,0,42,577,4.4417e-05,6.958e-06,3.6208e-05,5892,163,3964
N400,cim,400,20,13,1,0,42,578,4.4542e-05,7e-06,3.6334e-05,5892,163,3964
N400,cim,400,20,13,1,0,42,579,4.4416e-05,7e-06,3.6167e-05,5892,163,3964
N400,cim,400,20,13,1,0,42,580,4.4458e-05,7e-06,3.6208e-05,5892,163,3964
N400,cim,400,20,13,1,0,42,581,4.4459e-05,7e-06,3.6167e-05,5892,163,3964
N400,cim,400,20,13,1,0,42,582,4.45e-05,7e-06,3.6208e-05,5892,163,3964
N400,cim,400,20,13,1,0,42,583,4.4417e-05,6.916e-06,3.6208e-05,5892,163,3964
N400,cim,400,20,13,1,0,42,584,5.3959e-05,7e-06,4.5583e-05,5892,163,3964
N400,cim,400,20,13,1,0,42,585,4.975e-05,7.792e-06,4.0584e-05,5892,163,3964
N400,cim,400,20,13,1,0,42,586,4.9875e-05,7.833e-06,4.0667e-05,5892,163,3964
N400,cim,400,20,13,1,0,42,587,4.7541e-05,7.917e-06,3.8333e-05,5892,163,3964
N400,cim,400,20,13,1,0,42,588,4.45e-05,6.959e-06,3.6291e-05,5892,163,3964
N400,cim,400,20,13,1,0,42,589,4.4542e-05,7e-06,3.625e-05,5892,163,3964
N400,cim,400,20,13,1,0,42,590,4.45e-05,6.916e-06,3.6292e-05,5892,163,3964
N400,cim,400,20,13,1,0,42,591,4.4708e-05,6.958e-06,3.65e-05,5892,163,3964
N400,cim,400,20,13,1,0,42,592,4.4459e-05,6.958e-06,3.625e-05,5892,163,3964
N400,cim,400,20,13,1,0,42,593,4.425e-05,7.166e-06,3.5834e-05,5892,163,3964
N400,cim,400,20,13,1,0,42,594,4.7e-05,6.875e-06,3.8875e-05,5892,163,3964
N400,cim,400,20,13,1,0,42,595,7.3209e-05,7.125e-06,6.4e-05,5892,163,3964
N400,cim,400,20,13,1,0,42,596,7.5583e-05,7.917e-06,6.5667e-05,5892,163,3964
N400,cim,400,20,13,1,0,42,597,7.1416e-05,8.792e-06,6.0291e-05,5892,163,3964
N400,cim,400,20,13,1,0,42,598,5.6833e-05,1.025e-05,4.4875e-05,5892,163,3964
N400,cim,400,20,13,1,0,42,599,5.225e-05,7.666e-06,4.2959e-05,5892,163,3964
N400,cim,400,20,13,1,0,42,600,6.0583e-05,7.584e-06,5.0666e-05,5892,163,3964
N400,cim,400,20,13,1,0,42,601,5.55e-05,1.0459e-05,4.3333e-05,5892,163,3964
N400,cim,400,20,13,1,0,42,602,5.0917e-05,7.459e-06,4.1833e-05,5892,163,3964
N400,cim,400,20,13,1,0,42,603,5.0792e-05,7.5e-06,4.1584e-05,5892,163,3964
N400,cim,400,20,13,1,0,42,604,5.4208e-05,7.458e-06,4.4375e-05,5892,163,3964
N400,cim,400,20,13,1,0,42,605,6.0667e-05,1.0416e-05,4.8542e-05,5892,163,3964
N400,cim,400,20,13,1,0,42,606,5e-05,7.375e-06,4.1042e-05,5892,163,3964
N400,cim,400,20,13,1,0,42,607,5.0083e-05,7.375e-06,4.1125e-05,5892,163,3964
N400,cim,400,20,13,1,0,42,608,5.025e-05,7.458e-06,4.1125e-05,5892,163,3964
N400,cim,400,20,13,1,0,42,609,5e-05,7.333e-06,4.1e-05,5892,163,3964
N400,cim,400,20,13,1,0,42,610,5.0041e-05,7.375e-06,4.1e-05,5892,163,3964
N400,cim,400,20,13,1,0,42,611,4.9917e-05,7.333e-06,4.0917e-05,5892,163,3964
N400,cim,400,20,13,1,0,42,612,5e-05,7.416e-06,4.0917e-05,5892,163,3964
N400,cim,400,20,13,1,0,42,613,5.0042e-05,7.375e-06,4.0958e-05,5892,163,3964
N400,cim,400,20,13,1,0,42,614,4.9959e-05,7.375e-06,4.0917e-05,5892,163,3964
N400,cim,400,20,13,1,0,42,615,5.0042e-05,7.375e-06,4.0959e-05,5892,163,3964
N400,cim,400,20,13,1,0,42,616,5.0084e-05,7.333e-06,4.1083e-05,5892,163,3964
N400,cim,400,20,13,1,0,42,617,4.9917e-05,7.334e-06,4.0875e-05,5892,163,3964
N400,cim,400,20,13,1,0,42,618,5.0084e-05,7.416e-06,4.1e-05,5892,163,3964
N400,cim,400,20,13,1,0,42,619,5.1792e-05,7.375e-06,4.2708e-05,5892,163,3964
N400,cim,400,20,13,1,0,42,620,5.0042e-05,7.375e-06,4.1041e-05,5892,163,3964
N400,cim,400,20,13,1,0,42,621,4.9917e-05,7.375e-06,4.0875e-05,5892,163,3964
N400,cim,400,20,13,1,0,42,622,5e-05,7.416e-06,4.0959e-05,5892,163,3964
N400,cim,400,20,13,1,0,42,623,4.9959e-05,7.375e-06,4.0916e-05,5892,163,3964
N400,cim,400,20,13,1,0,42,624,4.9917e-05,7.375e-06,4.0917e-05,5892,163,3964
N400,cim,400,20,13,1,0,42,625,4.9916e-05,7.375e-06,4.0917e-05,5892,163,3964
N400,cim,400,20,13,1,0,42,626,5e-05,7.375e-06,4.0916e-05,5892,163,3964
N400,cim,400,20,13,1,0,42,627,5.0125e-05,7.333e-06,4.1042e-05,5892,163,3964
N400,cim,400,20,13,1,0,42,628,5.0084e-05,7.375e-06,4.1084e-05,5892,163,3964
N400,cim,400,20,13,1,0,42,629,4.9958e-05,7.375e-06,4.0959e-05,5892,163,3964
N400,cim,400,20,13,1,0,42,630,5.0292e-05,7.417e-06,4.1208e-05,5892,163,3964
N400,cim,400,20,13,1,0,42,631,4.9958e-05,7.375e-06,4.0958e-05,5892,163,3964
N400,cim,400,20,13,1,0,42,632,5.0083e-05,7.5e-06,4.1e-05,5892,163,3964
N400,cim,400,20,13,1,0,42,633,5.0083e-05,7.375e-06,4.1041e-05,5892,163,3964
N400,cim,400,20,13,1,0,42,634,5.0125e-05,7.417e-06,4.1042e-05,5892,163,3964
N400,cim,400,20,13,1,0,42,635,5.0084e-05,7.375e-06,4.1084e-05,5892,163,3964
N400,cim,400,20,13,1,0,42,636,5.0083e-05,7.459e-06,4.1e-05,5892,163,3964
N400,cim,400,20,13,1,0,42,637,5.0042e-05,7.375e-06,4.1e-05,5892,163,3964
N400,cim,400,20,13,1,0,42,638,5e-05,7.375e-06,4.1e-05,5892,163,3964
N400,cim,400,20,13,1,0,42,639,4.9917e-05,7.375e-06,4.0916e-05,5892,163,3964
N400,cim,400,20,13,1,0,42,640,5.0042e-05,7.416e-06,4.1042e-05,5892,163,3964
N400,cim,400,20,13,1,0,42,641,4.9959e-05,7.375e-06,4.0958e-05,5892,163,3964
N400,cim,400,20,13,1,0,42,642,5.0084e-05,7.334e-06,4.1042e-05,5892,163,3964
N400,cim,400,20,13,1,0,42,643,5.0042e-05,7.375e-06,4.1e-05,5892,163,3964
N400,cim,400,20,13,1,0,42,644,5e-05,7.417e-06,4.1e-05,5892,163,3964
N400,cim,400,20,13,1,0,42,645,5.0042e-05,7.375e-06,4.1e-05,5892,163,3964
N400,cim,400,20,13,1,0,42,646,5.0208e-05,7.375e-06,4.1208e-05,5892,163,3964
N400,cim,400,20,13,1,0,42,647,4.9959e-05,7.375e-06,4.1e-05,5892,163,3964
N400,cim,400,20,13,1,0,42,648,4.9958e-05,7.375e-06,4.0959e-05,5892,163,3964
N400,cim,400,20,13,1,0,42,649,5.0083e-05,7.333e-06,4.1042e-05,5892,163,3964
N400,cim,400,20,13,1,0,42,650,5.2125e-05,7.5e-06,4.2625e-05,5892,163,3964
N400,cim,400,20,13,1,0,42,651,5.1292e-05,7.458e-06,4.15e-05,5892,163,3964
N400,cim,400,20,13,1,0,42,652,6.3583e-05,1.0375e-05,5.1417e-05,5892,163,3964
N400,cim,400,20,13,1,0,42,653,5.05e-05,7.459e-06,4.1292e-05,5892,163,3964
N400,cim,400,20,13,1,0,42,654,5.0541e-05,7.459e-06,4.1459e-05,5892,163,3964
N400,cim,400,20,13,1,0,42,655,5.7208e-05,7.5e-06,4.75e-05,5892,163,3964
N400,cim,400,20,13,1,0,42,656,5.6875e-05,8.375e-06,4.6625e-05,5892,163,3964
N400,cim,400,20,13,1,0,42,657,5.2959e-05,8.375e-06,4.2958e-05,5892,163,3964
N400,cim,400,20,13,1,0,42,658,6.0958e-05,7.458e-06,5.1667e-05,5892,163,3964
N400,cim,400,20,13,1,0,42,659,5.2083e-05,8.375e-06,4.2041e-05,5892,163,3964
N400,cim,400,20,13,1,0,42,660,5.0291e-05,7.417e-06,4.1167e-05,5892,163,3964
N400,cim,400,20,13,1,0,42,661,4.9875e-05,7.333e-06,4.0875e-05,5892,163,3964
N400,cim,400,20,13,1,0,42,662,4.9958e-05,7.333e-06,4.0958e-05,5892,163,3964
N400,cim,400,20,13,1,0,42,663,5.0125e-05,7.334e-06,4.1125e-05,5892,163,3964
N400,cim,400,20,13,1,0,42,664,5e-05,7.375e-06,4.1e-05,5892,163,3964
N400,cim,400,20,13,1,0,42,665,5.0208e-05,7.375e-06,4.1209e-05,5892,163,3964
N400,cim,400,20,13,1,0,42,666,5.0291e-05,7.375e-06,4.1208e-05,5892,163,3964
N400,cim,400,20,13,1,0,42,667,5e-05,7.334e-06,4.1e-05,5892,163,3964
N400,cim,400,20,13,1,0,42,668,5.3209e-05,9.291e-06,4.225e-05,5892,163,3964
N400,cim,400,20,13,1,0,42,669,5.0667e-05,7.459e-06,4.1583e-05,5892,163,3964
N400,cim,400,20,13,1,0,42,670,6.2542e-05,7.416e-06,5.3292e-05,5892,163,3964
N400,cim,400,20,13,1,0,42,671,5.675e-05,8.333e-06,4.65e-05,5892,163,3964
N400,cim,400,20,13,1,0,42,672,5.6833e-05,8.333e-06,4.6583e-05,5892,163,3964
N400,cim,400,20,13,1,0,42,673,5.7041e-05,8.458e-06,4.6625e-05,5892,163,3964
N400,cim,400,20,13,1,0,42,674,5.6917e-05,8.375e-06,4.6625e-05,5892,163,3964
N400,cim,400,20,13,1,0,42,675,5.6875e-05,8.375e-06,4.6541e-05,5892,163,3964
N400,cim,400,20,13,1,0,42,676,5.7875e-05,8.416e-06,4.7125e-05,5892,163,3964
N400,cim,400,20,13,1,0,42,677,8.8584e-05,1.0417e-05,7.6083e-05,5892,163,3964
N400,cim,400,20,13,1,0,42,678,7.7792e-05,9.25e-06,6.625e-05,5892,163,3964
N400,cim,400,20,13,1,0,42,679,6.525e-05,9.125e-06,5.425e-05,5892,163,3964
N400,cim,400,20,13,1,0,42,680,6.1125e-05,8.833e-06,5.0458e-05,5892,163,3964
N400,cim,400,20,13,1,0,42,681,5.9042e-05,8.625e-06,4.8584e-05,5892,163,3964
N400,cim,400,20,13,1,0,42,682,5.8125e-05,8.625e-06,4.7542e-05,5892,163,3964
N400,cim,400,20,13,1,0,42,683,9.2375e-05,8.625e-06,4.7167e-05,5892,163,3964
N400,cim,400,20,13,1,0,42,684,0.0002445,9.6375e-05,0.000142916,5892,163,3964
N400,cim,400,20,13,1,0,42,685,0.00011475,2.6917e-05,8.5958e-05,5892,163,3964
N400,cim,400,20,13,1,0,42,686,0.0001195,3.6333e-05,8.0958e-05,5892,163,3964
N400,cim,400,20,13,1,0,42,687,7.4916e-05,8.458e-06,6.4583e-05,5892,163,3964
N400,cim,400,20,13,1,0,42,688,6.4583e-05,8.416e-06,5.4208e-05,5892,163,3964
N400,cim,400,20,13,1,0,42,689,5.8584e-05,8.291e-06,4.85e-05,5892,163,3964
N400,cim,400,20,13,1,0,42,690,5.7042e-05,8.292e-06,4.6916e-05,5892,163,3964
N400,cim,400,20,13,1,0,42,691,5.5375e-05,8.167e-06,4.5375e-05,5892,163,3964
N400,cim,400,20,13,1,0,42,692,5.5167e-05,8.208e-06,4.5125e-05,5892,163,3964
N400,cim,400,20,13,1,0,42,693,5.4666e-05,8.208e-06,4.4583e-05,5892,163,3964
N400,cim,400,20,13,1,0,42,694,5.4042e-05,8.209e-06,4.4041e-05,5892,163,3964
N400,cim,400,20,13,1,0,42,695,5.3125e-05,8.167e-06,4.3125e-05,5892,163,3964
N400,cim,400,20,13,1,0,42,696,5.1959e-05,8.125e-06,4.2041e-05,5892,163,3964
N400,cim,400,20,13,1,0,42,697,5.125e-05,8.166e-06,4.125e-05,5892,163,3964
N400,cim,400,20,13,1,0,42,698,5.1084e-05,8.167e-06,4.1042e-05,5892,163,3964
N400,cim,400,20,13,1,0,42,699,5.0833e-05,8.167e-06,4.0875e-05,5892,163,3964
N400,cim,400,20,13,1,0,42,700,5.0791e-05,8.208e-06,4.0834e-05,5892,163,3964
N400,cim,400,20,13,1,0,42,701,5.0709e-05,8.125e-06,4.0792e-05,5892,163,3964
N400,cim,400,20,13,1,0,42,702,5.0833e-05,8.125e-06,4.0833e-05,5892,163,3964
N400,cim,400,20,13,1,0,42,703,5.075e-05,8.125e-06,4.0792e-05,5892,163,3964
N400,cim,400,20,13,1,0,42,704,5.0458e-05,8.167e-06,4.0583e-05,5892,163,3964
N400,cim,400,20,13,1,0,42,705,5.0542e-05,8.083e-06,4.0667e-05,5892,163,3964
N400,cim,400,20,13,1,0,42,706,5.0917e-05,8.167e-06,4.0916e-05,5892,163,3964
N400,cim,400,20,13,1,0,42,707,5.0542e-05,8.125e-06,4.0583e-05,5892,163,3964
N400,cim,400,20,13,1,0,42,708,5.0792e-05,8.209e-06,4.0833e-05,5892,163,3964
N400,cim,400,20,13,1,0,42,709,5.0417e-05,8.083e-06,4.0625e-05,5892,163,3964
N400,cim,400,20,13,1,0,42,710,5.1125e-05,8.125e-06,4.1208e-05,5892,163,3964
N400,cim,400,20,13,1,0,42,711,5.0625e-05,8.166e-06,4.0625e-05,5892,163,3964
N400,cim,400,20,13,1,0,42,712,0.000134167,8.125e-06,0.000121709,5892,163,3964
N400,cim,400,20,13,1,0,42,713,0.000169625,2.0167e-05,0.000145833,5892,163,3964
N400,cim,400,20,13,1,0,42,714,0.000125667,2.0417e-05,0.000102833,5892,163,3964
N400,cim,400,20,13,1,0,42,715,0.000131125,8.875e-06,0.000120375,5892,163,3964
N400,cim,400,20,13,1,0,42,716,7.5167e-05,8.459e-06,6.5208e-05,5892,163,3964
N400,cim,400,20,13,1,0,42,717,6.1375e-05,8.125e-06,5.1875e-05,5892,163,3964
N400,cim,400,20,13,1,0,42,718,5.3875e-05,8.083e-06,4.4458e-05,5892,163,3964
N400,cim,400,20,13,1,0,42,719,5.1208e-05,7.875e-06,4.1959e-05,5892,163,3964
N400,cim,400,20,13,1,0,42,720,6.0417e-05,8.542e-06,5.0166e-05,5892,163,3964
N400,cim,400,20,13,1,0,42,721,6.0167e-05,9.792e-06,4.9e-05,5892,163,3964
N400,cim,400,20,13,1,0,42,722,4.9041e-05,7.792e-06,3.9875e-05,5892,163,3964
N400,cim,400,20,13,1,0,42,723,4.8875e-05,7.792e-06,3.975e-05,5892,163,3964
N400,cim,400,20,13,1,0,42,724,4.9e-05,7.958e-06,3.9667e-05,5892,163,3964
N400,cim,400,20,13,1,0,42,725,4.875e-05,7.792e-06,3.9583e-05,5892,163,3964
N400,cim,400,20,13,1,0,42,726,4.8958e-05,7.791e-06,3.975e-05,5892,163,3964
N400,cim,400,20,13,1,0,42,727,4.8667e-05,7.792e-06,3.9458e-05,5892,163,3964
N400,cim,400,20,13,1,0,42,728,4.8708e-05,7.792e-06,3.9541e-05,5892,163,3964
N400,cim,400,20,13,1,0,42,729,4.8791e-05,7.75e-06,3.9666e-05,5892,163,3964
N400,cim,400,20,13,1,0,42,730,4.9e-05,7.792e-06,3.9792e-05,5892,163,3964
N400,cim,400,20,13,1,0,42,731,4.475e-05,7.791e-06,3.575e-05,5892,163,3964
N400,cim,400,20,13,1,0,42,732,4.3417e-05,6.875e-06,3.5333e-05,5892,163,3964
N400,cim,400,20,13,1,0,42,733,5.6208e-05,6.833e-06,4.7708e-05,5892,163,3964
N400,cim,400,20,13,1,0,42,734,4.5792e-05,9.167e-06,3.5417e-05,5892,163,3964
N400,cim,400,20,13,1,0,42,735,4.5792e-05,6.875e-06,3.7166e-05,5892,163,3964
N400,cim,400,20,13,1,0,42,736,5.5334e-05,9.625e-06,4.4459e-05,5892,163,3964
N400,cim,400,20,13,1,0,42,737,4.325e-05,6.917e-06,3.5166e-05,5892,163,3964
N400,cim,400,20,13,1,0,42,738,4.3541e-05,6.958e-06,3.5333e-05,5892,163,3964
N400,cim,400,20,13,1,0,42,739,5.225e-05,6.916e-06,4.4042e-05,5892,163,3964
N400,cim,400,20,13,1,0,42,740,4.9584e-05,7.833e-06,4.0417e-05,5892,163,3964
N400,cim,400,20,13,1,0,42,741,4.4125e-05,7.709e-06,3.5208e-05,5892,163,3964
N400,cim,400,20,13,1,0,42,742,4.3459e-05,6.875e-06,3.5333e-05,5892,163,3964
N400,cim,400,20,13,1,0,42,743,4.3416e-05,6.916e-06,3.525e-05,5892,163,3964
N400,cim,400,20,13,1,0,42,744,4.3375e-05,6.834e-06,3.5292e-05,5892,163,3964
N400,cim,400,20,13,1,0,42,745,4.3292e-05,6.834e-06,3.5291e-05,5892,163,3964
N400,cim,400,20,13,1,0,42,746,4.3334e-05,6.791e-06,3.5375e-05,5892,163,3964
N400,cim,400,20,13,1,0,42,747,4.3334e-05,6.791e-06,3.5292e-05,5892,163,3964
N400,cim,400,20,13,1,0,42,748,4.3542e-05,6.916e-06,3.5333e-05,5892,163,3964
N400,cim,400,20,13,1,0,42,749,4.3291e-05,6.792e-06,3.525e-05,5892,163,3964
N400,cim,400,20,13,1,0,42,750,4.3333e-05,6.875e-06,3.5292e-05,5892,163,3964
N400,cim,400,20,13,1,0,42,751,4.3375e-05,6.917e-06,3.5291e-05,5892,163,3964
N400,cim,400,20,13,1,0,42,752,4.3334e-05,6.916e-06,3.525e-05,5892,163,3964
N400,cim,400,20,13,1,0,42,753,4.3292e-05,6.834e-06,3.5167e-05,5892,163,3964
N400,cim,400,20,13,1,0,42,754,4.3417e-05,7e-06,3.5209e-05,5892,163,3964
N400,cim,400,20,13,1,0,42,755,4.3333e-05,6.917e-06,3.525e-05,5892,163,3964
N400,cim,400,20,13,1,0,42,756,4.3375e-05,6.875e-06,3.5292e-05,5892,163,3964
N400,cim,400,20,13,1,0,42,757,5.05e-05,6.833e-06,4.1958e-05,5892,163,3964
N400,cim,400,20,13,1,0,42,758,5.0417e-05,9.625e-06,3.9541e-05,5892,163,3964
N400,cim,400,20,13,1,0,42,759,4.3375e-05,6.833e-06,3.5208e-05,5892,163,3964
N400,cim,400,20,13,1,0,42,760,4.3583e-05,7e-06,3.5333e-05,5892,163,3964
N400,cim,400,20,13,1,0,42,761,4.3375e-05,6.875e-06,3.5291e-05,5892,163,3964
N400,cim,400,20,13,1,0,42,762,5.7083e-05,6.875e-06,4.8542e-05,5892,163,3964
N400,cim,400,20,13,1,0,42,763,5.1958e-05,9e-06,4.125e-05,5892,163,3964
N400,cim,400,20,13,1,0,42,764,5.125e-05,9.666e-06,4.0292e-05,5892,163,3964
N400,cim,400,20,13,1,0,42,765,4.7416e-05,6.791e-06,3.8917e-05,5892,163,3964
N400,cim,400,20,13,1,0,42,766,5.3625e-05,9.666e-06,4.2709e-05,5892,163,3964
N400,cim,400,20,13,1,0,42,767,4.6958e-05,6.916e-06,3.8292e-05,5892,163,3964
N400,cim,400,20,13,1,0,42,768,6.0166e-05,9.625e-06,4.8834e-05,5892,163,3964
N400,cim,400,20,13,1,0,42,769,4.9167e-05,8.167e-06,3.9625e-05,5892,163,3964
N400,cim,400,20,13,1,0,42,770,4.8958e-05,7.708e-06,3.9875e-05,5892,163,3964
N400,cim,400,20,13,1,0,42,771,4.8792e-05,7.834e-06,3.9584e-05,5892,163,3964
N400,cim,400,20,13,1,0,42,772,4.8708e-05,7.792e-06,3.95e-05,5892,163,3964
N400,cim,400,20,13,1,0,42,773,4.3542e-05,6.917e-06,3.5375e-05,5892,163,3964
N400,cim,400,20,13,1,0,42,774,4.3583e-05,6.958e-06,3.5459e-05,5892,163,3964
N400,cim,400,20,13,1,0,42,775,4.3375e-05,6.875e-06,3.5291e-05,5892,163,3964
N400,cim,400,20,13,1,0,42,776,4.3417e-05,6.875e-06,3.5292e-05,5892,163,3964
N400,cim,400,20,13,1,0,42,777,4.5041e-05,6.875e-06,3.6458e-05,5892,163,3964
N400,cim,400,20,13,1,0,42,778,5.25e-05,9.625e-06,4.1417e-05,5892,163,3964
N400,cim,400,20,13,1,0,42,779,4.8708e-05,7.833e-06,3.95e-05,5892,163,3964
N400,cim,400,20,13,1,0,42,780,4.9167e-05,7.709e-06,4.0042e-05,5892,163,3964
N400,cim,400,20,13,1,0,42,781,4.8708e-05,7.666e-06,3.9583e-05,5892,163,3964
N400,cim,400,20,13,1,0,42,782,4.8833e-05,7.792e-06,3.9625e-05,5892,163,3964
N400,cim,400,20,13,1,0,42,783,5.3208e-05,7.709e-06,4.3875e-05,5892,163,3964
N400,cim,400,20,13,1,0,42,784,5.3125e-05,9.542e-06,4.2166e-05,5892,163,3964
N400,cim,400,20,13,1,0,42,785,4.9333e-05,7.708e-06,4e-05,5892,163,3964
N400,cim,400,20,13,1,0,42,786,5.7791e-05,9.541e-06,4.6792e-05,5892,163,3964
N400,cim,400,20,13,1,0,42,787,4.875e-05,7.709e-06,3.9625e-05,5892,163,3964
N400,cim,400,20,13,1,0,42,788,4.8875e-05,7.666e-06,3.9833e-05,5892,163,3964
N400,cim,400,20,13,1,0,42,789,4.8875e-05,7.75e-06,3.9792e-05,5892,163,3964
N400,cim,400,20,13,1,0,42,790,4.9125e-05,7.708e-06,3.9958e-05,5892,163,3964
N400,cim,400,20,13,1,0,42,791,4.8625e-05,7.75e-06,3.9459e-05,5892,163,3964
N400,cim,400,20,13,1,0,42,792,4.9125e-05,7.667e-06,3.9916e-05,5892,163,3964
N400,cim,400,20,13,1,0,42,793,4.8625e-05,7.75e-06,3.9542e-05,5892,163,3964
N400,cim,400,20,13,1,0,42,794,4.8833e-05,7.75e-06,3.975e-05,5892,163,3964
N400,cim,400,20,13,1,0,42,795,4.875e-05,7.667e-06,3.9625e-05,5892,163,3964
N400,cim,400,20,13,1,0,42,796,4.8834e-05,7.666e-06,3.9834e-05,5892,163,3964
N400,cim,400,20,13,1,0,42,797,4.8792e-05,7.75e-06,3.9625e-05,5892,163,3964
N400,cim,400,20,13,1,0,42,798,8.7916e-05,2.3458e-05,6.3084e-05,5892,163,3964
N400,cim,400,20,13,1,0,42,799,6.1042e-05,8.334e-06,5.1292e-05,5892,163,3964
N400,cim,400,20,13,1,0,42,800,5.6292e-05,8.292e-06,4.6625e-05,5892,163,3964
N400,cim,400,20,13,1,0,42,801,5.2625e-05,7.875e-06,4.3459e-05,5892,163,3964
N400,cim,400,20,13,1,0,42,802,5.1667e-05,7.792e-06,4.2375e-05,5892,163,3964
N400,cim,400,20,13,1,0,42,803,5.05e-05,7.667e-06,4.15e-05,5892,163,3964
N400,cim,400,20,13,1,0,42,804,6.0875e-05,7.792e-06,5.175e-05,5892,163,3964
N400,cim,400,20,13,1,0,42,805,5.0666e-05,7.708e-06,4.1583e-05,5892,163,3964
N400,cim,400,20,13,1,0,42,806,5e-05,7.75e-06,4.1e-05,5892,163,3964
N400,cim,400,20,13,1,0,42,807,4.875e-05,7.792e-06,3.9625e-05,5892,163,3964
N400,cim,400,20,13,1,0,42,808,4.8208e-05,7.667e-06,3.9208e-05,5892,163,3964
N400,cim,400,20,13,1,0,42,809,4.7583e-05,7.833e-06,3.8417e-05,5892,163,3964
N400,cim,400,20,13,1,0,42,810,4.7458e-05,7.833e-06,3.8292e-05,5892,163,3964
N400,cim,400,20,13,1,0,42,811,4.7208e-05,7.666e-06,3.8209e-05,5892,163,3964
N400,cim,400,20,13,1,0,42,812,4.7083e-05,7.667e-06,3.8083e-05,5892,163,3964
N400,cim,400,20,13,1,0,42,813,4.6959e-05,7.666e-06,3.8e-05,5892,163,3964
N400,cim,400,20,13,1,0,42,814,4.7209e-05,7.666e-06,3.8167e-05,5892,163,3964
N400,cim,400,20,13,1,0,42,815,4.7084e-05,7.625e-06,3.8125e-05,5892,163,3964
N400,cim,400,20,13,1,0,42,816,4.725e-05,7.834e-06,3.8125e-05,5892,163,3964
N400,cim,400,20,13,1,0,42,817,4.7083e-05,7.583e-06,3.8125e-05,5892,163,3964
N400,cim,400,20,13,1,0,42,818,4.7167e-05,7.708e-06,3.8167e-05,5892,163,3964
N400,cim,400,20,13,1,0,42,819,4.7125e-05,7.75e-06,3.8042e-05,5892,163,3964
N400,cim,400,20,13,1,0,42,820,4.7417e-05,7.667e-06,3.8375e-05,5892,163,3964
N400,cim,400,20,13,1,0,42,821,4.7458e-05,7.75e-06,3.8375e-05,5892,163,3964
N400,cim,400,20,13,1,0,42,822,5.4e-05,7.667e-06,4.475e-05,5892,163,3964
N400,cim,400,20,13,1,0,42,823,5.0417e-05,9.542e-06,3.95e-05,5892,163,3964
N400,cim,400,20,13,1,0,42,824,4.3167e-05,7.709e-06,3.425e-05,5892,163,3964
N400,cim,400,20,13,1,0,42,825,4.1916e-05,6.791e-06,3.3917e-05,5892,163,3964
N400,cim,400,20,13,1,0,42,826,4.2e-05,6.833e-06,3.3916e-05,5892,163,3964
N400,cim,400,20,13,1,0,42,827,4.1917e-05,6.834e-06,3.3875e-05,5892,163,3964
N400,cim,400,20,13,1,0,42,828,4.1875e-05,6.75e-06,3.3958e-05,5892,163,3964
N400,cim,400,20,13,1,0,42,829,4.1792e-05,6.75e-06,3.3833e-05,5892,163,3964
N400,cim,400,20,13,1,0,42,830,4.1875e-05,6.834e-06,3.3834e-05,5892,163,3964
N400,cim,400,20,13,1,0,42,831,4.1833e-05,6.833e-06,3.3834e-05,5892,163,3964
N400,cim,400,20,13,1,0,42,832,4.1958e-05,6.833e-06,3.3959e-05,5892,163,3964
N400,cim,400,20,13,1,0,42,833,4.1958e-05,6.791e-06,3.3917e-05,5892,163,3964
N400,cim,400,20,13,1,0,42,834,4.1875e-05,6.834e-06,3.3834e-05,5892,163,3964
N400,cim,400,20,13,1,0,42,835,4.1875e-05,6.875e-06,3.3792e-05,5892,163,3964
N400,cim,400,20,13,1,0,42,836,4.2e-05,6.791e-06,3.4e-05,5892,163,3964
N400,cim,400,20,13,1,0,42,837,4.1833e-05,6.875e-06,3.3792e-05,5892,163,3964
N400,cim,400,20,13,1,0,42,838,4.2e-05,6.834e-06,3.3959e-05,5892,163,3964
N400,cim,400,20,13,1,0,42,839,4.1875e-05,6.833e-06,3.3792e-05,5892,163,3964
N400,cim,400,20,13,1,0,42,840,4.2e-05,6.833e-06,3.3958e-05,5892,163,3964
N400,cim,400,20,13,1,0,42,841,4.1875e-05,6.75e-06,3.3917e-05,5892,163,3964
N400,cim,400,20,13,1,0,42,842,4.2125e-05,6.917e-06,3.4e-05,5892,163,3964
N400,cim,400,20,13,1,0,42,843,4.1875e-05,6.792e-06,3.3875e-05,5892,163,3964
N400,cim,400,20,13,1,0,42,844,4.1875e-05,6.833e-06,3.3875e-05,5892,163,3964
N400,cim,400,20,13,1,0,42,845,4.175e-05,6.792e-06,3.3833e-05,5892,163,3964
N400,cim,400,20,13,1,0,42,846,4.2042e-05,6.875e-06,3.4e-05,5892,163,3964
N400,cim,400,20,13,1,0,42,847,4.1875e-05,6.75e-06,3.3917e-05,5892,163,3964
N400,cim,400,20,13,1,0,42,848,4.1875e-05,6.834e-06,3.3875e-05,5892,163,3964
N400,cim,400,20,13,1,0,42,849,4.1916e-05,6.875e-06,3.3917e-05,5892,163,3964
N400,cim,400,20,13,1,0,42,850,4.1917e-05,6.834e-06,3.3916e-05,5892,163,3964
N400,cim,400,20,13,1,0,42,851,4.1833e-05,6.792e-06,3.3875e-05,5892,163,3964
N400,cim,400,20,13,1,0,42,852,4.2e-05,6.834e-06,3.3958e-05,5892,163,3964
N400,cim,400,20,13,1,0,42,853,4.175e-05,6.833e-06,3.3792e-05,5892,163,3964
N400,cim,400,20,13,1,0,42,854,4.2042e-05,6.792e-06,3.4e-05,5892,163,3964
N400,cim,400,20,13,1,0,42,855,4.1916e-05,6.791e-06,3.3875e-05,5892,163,3964
N400,cim,400,20,13,1,0,42,856,4.3917e-05,6.792e-06,3.55e-05,5892,163,3964
N400,cim,400,20,13,1,0,42,857,5.8583e-05,9.459e-06,4.725e-05,5892,163,3964
N400,cim,400,20,13,1,0,42,858,4.9e-05,9.459e-06,3.8208e-05,5892,163,3964
N400,cim,400,20,13,1,0,42,859,4.325e-05,7.75e-06,3.4334e-05,5892,163,3964
N400,cim,400,20,13,1,0,42,860,4.375e-05,6.833e-06,3.5334e-05,5892,163,3964
N400,cim,400,20,13,1,0,42,861,5.4375e-05,9.458e-06,4.3708e-05,5892,163,3964
N400,cim,400,20,13,1,0,42,862,4.2e-05,6.875e-06,3.3958e-05,5892,163,3964
N400,cim,400,20,13,1,0,42,863,4.1917e-05,6.875e-06,3.3916e-05,5892,163,3964
N400,cim,400,20,13,1,0,42,864,4.1959e-05,6.875e-06,3.3916e-05,5892,163,3964
N400,cim,400,20,13,1,0,42,865,4.1792e-05,6.792e-06,3.375e-05,5892,163,3964
N400,cim,400,20,13,1,0,42,866,4.175e-05,6.792e-06,3.3791e-05,5892,163,3964
N400,cim,400,20,13,1,0,42,867,4.1959e-05,6.833e-06,3.3958e-05,5892,163,3964
N400,cim,400,20,13,1,0,42,868,4.1959e-05,6.833e-06,3.3958e-05,5892,163,3964
N400,cim,400,20,13,1,0,42,869,4.1875e-05,6.791e-06,3.3875e-05,5892,163,3964
N400,cim,400,20,13,1,0,42,870,4.1959e-05,6.791e-06,3.4e-05,5892,163,3964
N400,cim,400,20,13,1,0,42,871,4.1875e-05,6.875e-06,3.3833e-05,5892,163,3964
N400,cim,400,20,13,1,0,42,872,4.1959e-05,6.958e-06,3.3833e-05,5892,163,3964
N400,cim,400,20,13,1,0,42,873,4.1875e-05,6.833e-06,3.3875e-05,5892,163,3964
N400,cim,400,20,13,1,0,42,874,4.1917e-05,6.875e-06,3.3875e-05,5892,163,3964
N400,cim,400,20,13,1,0,42,875,4.1958e-05,6.75e-06,3.3916e-05,5892,163,3964
N400,cim,400,20,13,1,0,42,876,4.1959e-05,6.875e-06,3.3916e-05,5892,163,3964
N400,cim,400,20,13,1,0,42,877,4.1917e-05,6.791e-06,3.3833e-05,5892,163,3964
N400,cim,400,20,13,1,0,42,878,4.1958e-05,6.792e-06,3.4e-05,5892,163,3964
N400,cim,400,20,13,1,0,42,879,4.1708e-05,6.708e-06,3.3833e-05,5892,163,3964
N400,cim,400,20,13,1,0,42,880,4.2083e-05,6.958e-06,3.3959e-05,5892,163,3964
N400,cim,400,20,13,1,0,42,881,4.1875e-05,6.792e-06,3.3875e-05,5892,163,3964
N400,cim,400,20,13,1,0,42,882,4.4958e-05,6.833e-06,3.65e-05,5892,163,3964
N400,cim,400,20,13,1,0,42,883,4.975e-05,9.375e-06,3.8958e-05,5892,163,3964
N400,cim,400,20,13,1,0,42,884,4.7125e-05,7.708e-06,3.8084e-05,5892,163,3964
N400,cim,400,20,13,1,0,42,885,5.2583e-05,9.083e-06,4.2167e-05,5892,163,3964
N400,cim,400,20,13,1,0,42,886,4.7208e-05,7.625e-06,3.8167e-05,5892,163,3964
N400,cim,400,20,13,1,0,42,887,4.7083e-05,7.625e-06,3.8125e-05,5892,163,3964
N400,cim,400,20,13,1,0,42,888,4.7125e-05,7.667e-06,3.8083e-05,5892,163,3964
N400,cim,400,20,13,1,0,42,889,4.7e-05,7.666e-06,3.7917e-05,5892,163,3964
N400,cim,400,20,13,1,0,42,890,5.3208e-05,9.375e-06,4.2417e-05,5892,163,3964
N400,cim,400,20,13,1,0,42,891,4.7083e-05,7.625e-06,3.8042e-05,5892,163,3964
N400,cim,400,20,13,1,0,42,892,4.6959e-05,7.583e-06,3.8041e-05,5892,163,3964
N400,cim,400,20,13,1,0,42,893,4.6917e-05,7.584e-06,3.8e-05,5892,163,3964
N400,cim,400,20,13,1,0,42,894,4.7125e-05,7.709e-06,3.8125e-05,5892,163,3964
N400,cim,400,20,13,1,0,42,895,4.6959e-05,7.583e-06,3.8083e-05,5892,163,3964
N400,cim,400,20,13,1,0,42,896,4.2042e-05,6.834e-06,3.4041e-05,5892,163,3964
N400,cim,400,20,13,1,0,42,897,5.575e-05,6.875e-06,4.725e-05,5892,163,3964
N400,cim,400,20,13,1,0,42,898,4.2666e-05,7.375e-06,3.4083e-05,5892,163,3964
N400,cim,400,20,13,1,0,42,899,4.175e-05,6.792e-06,3.375e-05,5892,163,3964
N400,cim,400,20,13,1,0,42,900,4.1917e-05,6.834e-06,3.3916e-05,5892,163,3964
N400,cim,400,20,13,1,0,42,901,4.1875e-05,6.875e-06,3.3833e-05,5892,163,3964
N400,cim,400,20,13,1,0,42,902,4.1958e-05,6.875e-06,3.3875e-05,5892,163,3964
N400,cim,400,20,13,1,0,42,903,4.1916e-05,6.792e-06,3.3958e-05,5892,163,3964
N400,cim,400,20,13,1,0,42,904,4.1875e-05,6.834e-06,3.3875e-05,5892,163,3964
N400,cim,400,20,13,1,0,42,905,4.1875e-05,6.834e-06,3.3834e-05,5892,163,3964
N400,cim,400,20,13,1,0,42,906,4.1875e-05,6.75e-06,3.3917e-05,5892,163,3964
N400,cim,400,20,13,1,0,42,907,4.1791e-05,6.833e-06,3.3792e-05,5892,163,3964
N400,cim,400,20,13,1,0,42,908,4.2041e-05,6.833e-06,3.4e-05,5892,163,3964
N400,cim,400,20,13,1,0,42,909,4.1958e-05,6.792e-06,3.3958e-05,5892,163,3964
N400,cim,400,20,13,1,0,42,910,4.2e-05,6.916e-06,3.3875e-05,5892,163,3964
N400,cim,400,20,13,1,0,42,911,4.1917e-05,6.791e-06,3.3959e-05,5892,163,3964
N400,cim,400,20,13,1,0,42,912,4.2e-05,6.834e-06,3.4e-05,5892,163,3964
N400,cim,400,20,13,1,0,42,913,4.1875e-05,6.792e-06,3.3875e-05,5892,163,3964
N400,cim,400,20,13,1,0,42,914,5.3084e-05,6.75e-06,4.475e-05,5892,163,3964
N400,cim,400,20,13,1,0,42,915,4.6e-05,9.417e-06,3.5334e-05,5892,163,3964
N400,cim,400,20,13,1,0,42,916,4.6792e-05,6.709e-06,3.8875e-05,5892,163,3964
N400,cim,400,20,13,1,0,42,917,4.1292e-05,6.667e-06,3.3458e-05,5892,163,3964
N400,cim,400,20,13,1,0,42,918,4.1416e-05,6.75e-06,3.35e-05,5892,163,3964
N400,cim,400,20,13,1,0,42,919,4.125e-05,6.666e-06,3.3459e-05,5892,163,3964
N400,cim,400,20,13,1,0,42,920,4.1458e-05,6.75e-06,3.3584e-05,5892,163,3964
N400,cim,400,20,13,1,0,42,921,4.675e-05,8.083e-06,3.7542e-05,5892,163,3964
N400,cim,400,20,13,1,0,42,922,4.1542e-05,6.75e-06,3.3584e-05,5892,163,3964
N400,cim,400,20,13,1,0,42,923,4.1541e-05,6.75e-06,3.3583e-05,5892,163,3964
N400,cim,400,20,13,1,0,42,924,4.6792e-05,6.791e-06,3.8834e-05,5892,163,3964
N400,cim,400,20,13,1,0,42,925,4.1333e-05,6.709e-06,3.3458e-05,5892,163,3964
N400,cim,400,20,13,1,0,42,926,4.1459e-05,6.75e-06,3.3541e-05,5892,163,3964
N400,cim,400,20,13,1,0,42,927,4.15e-05,6.75e-06,3.3583e-05,5892,163,3964
N400,cim,400,20,13,1,0,42,928,4.1458e-05,6.75e-06,3.3542e-05,5892,163,3964
N400,cim,400,20,13,1,0,42,929,4.15e-05,6.709e-06,3.3583e-05,5892,163,3964
N400,cim,400,20,13,1,0,42,930,4.1417e-05,6.708e-06,3.35e-05,5892,163,3964
N400,cim,400,20,13,1,0,42,931,4.1584e-05,6.75e-06,3.3584e-05,5892,163,3964
N400,cim,400,20,13,1,0,42,932,4.1416e-05,6.708e-06,3.3542e-05,5892,163,3964
N400,cim,400,20,13,1,0,42,933,4.1375e-05,6.75e-06,3.3459e-05,5892,163,3964
N400,cim,400,20,13,1,0,42,934,4.1458e-05,6.709e-06,3.3542e-05,5892,163,3964
N400,cim,400,20,13,1,0,42,935,4.1334e-05,6.708e-06,3.35e-05,5892,163,3964
N400,cim,400,20,13,1,0,42,936,4.1416e-05,6.792e-06,3.3458e-05,5892,163,3964
N400,cim,400,20,13,1,0,42,937,4.1416e-05,6.708e-06,3.3542e-05,5892,163,3964
N400,cim,400,20,13,1,0,42,938,4.1417e-05,6.75e-06,3.35e-05,5892,163,3964
N400,cim,400,20,13,1,0,42,939,4.1333e-05,6.667e-06,3.3417e-05,5892,163,3964
N400,cim,400,20,13,1,0,42,940,4.1333e-05,6.709e-06,3.3459e-05,5892,163,3964
N400,cim,400,20,13,1,0,42,941,4.1375e-05,6.75e-06,3.3458e-05,5892,163,3964
N400,cim,400,20,13,1,0,42,942,4.1583e-05,6.75e-06,3.3667e-05,5892,163,3964
N400,cim,400,20,13,1,0,42,943,4.1584e-05,6.875e-06,3.3541e-05,5892,163,3964
N400,cim,400,20,13,1,0,42,944,4.15e-05,6.75e-06,3.3584e-05,5892,163,3964
N400,cim,400,20,13,1,0,42,945,4.1417e-05,6.75e-06,3.35e-05,5892,163,3964
N400,cim,400,20,13,1,0,42,946,4.1333e-05,6.75e-06,3.3458e-05,5892,163,3964
N400,cim,400,20,13,1,0,42,947,4.1542e-05,6.75e-06,3.3625e-05,5892,163,3964
N400,cim,400,20,13,1,0,42,948,4.1416e-05,6.792e-06,3.3458e-05,5892,163,3964
N400,cim,400,20,13,1,0,42,949,4.1666e-05,6.791e-06,3.3625e-05,5892,163,3964
N400,cim,400,20,13,1,0,42,950,4.15e-05,6.75e-06,3.3542e-05,5892,163,3964
N400,cim,400,20,13,1,0,42,951,4.15e-05,6.75e-06,3.3584e-05,5892,163,3964
N400,cim,400,20,13,1,0,42,952,4.1542e-05,6.791e-06,3.3583e-05,5892,163,3964
N400,cim,400,20,13,1,0,42,953,4.1459e-05,6.75e-06,3.3542e-05,5892,163,3964
N400,cim,400,20,13,1,0,42,954,4.1333e-05,6.75e-06,3.3375e-05,5892,163,3964
N400,cim,400,20,13,1,0,42,955,4.15e-05,6.75e-06,3.3542e-05,5892,163,3964
N400,cim,400,20,13,1,0,42,956,4.15e-05,6.833e-06,3.3458e-05,5892,163,3964
N400,cim,400,20,13,1,0,42,957,4.1542e-05,6.75e-06,3.3541e-05,5892,163,3964
N400,cim,400,20,13,1,0,42,958,4.1625e-05,6.709e-06,3.375e-05,5892,163,3964
N400,cim,400,20,13,1,0,42,959,4.1458e-05,6.834e-06,3.35e-05,5892,163,3964
N400,cim,400,20,13,1,0,42,960,4.1458e-05,6.75e-06,3.35e-05,5892,163,3964
N400,cim,400,20,13,1,0,42,961,4.1375e-05,6.75e-06,3.3417e-05,5892,163,3964
N400,cim,400,20,13,1,0,42,962,4.1375e-05,6.708e-06,3.35e-05,5892,163,3964
N400,cim,400,20,13,1,0,42,963,4.1458e-05,6.708e-06,3.3542e-05,5892,163,3964
N400,cim,400,20,13,1,0,42,964,4.1417e-05,6.75e-06,3.3459e-05,5892,163,3964
N400,cim,400,20,13,1,0,42,965,4.1375e-05,6.667e-06,3.3541e-05,5892,163,3964
N400,cim,400,20,13,1,0,42,966,4.1417e-05,6.75e-06,3.3458e-05,5892,163,3964
N400,cim,400,20,13,1,0,42,967,4.4084e-05,8.459e-06,3.4416e-05,5892,163,3964
N400,cim,400,20,13,1,0,42,968,5.275e-05,8.458e-06,4.2792e-05,5892,163,3964
N400,cim,400,20,13,1,0,42,969,4.7042e-05,7.625e-06,3.8083e-05,5892,163,3964
N400,cim,400,20,13,1,0,42,970,4.6958e-05,7.625e-06,3.7958e-05,5892,163,3964
N400,cim,400,20,13,1,0,42,971,4.7334e-05,7.708e-06,3.8292e-05,5892,163,3964
N400,cim,400,20,13,1,0,42,972,4.7083e-05,7.667e-06,3.8083e-05,5892,163,3964
N400,cim,400,20,13,1,0,42,973,4.6916e-05,7.625e-06,3.8e-05,5892,163,3964
N400,cim,400,20,13,1,0,42,974,4.7041e-05,7.708e-06,3.8042e-05,5892,163,3964
N400,cim,400,20,13,1,0,42,975,4.7042e-05,7.666e-06,3.8084e-05,5892,163,3964
N400,cim,400,20,13,1,0,42,976,4.7e-05,7.667e-06,3.8042e-05,5892,163,3964
N400,cim,400,20,13,1,0,42,977,4.6916e-05,7.583e-06,3.7958e-05,5892,163,3964
N400,cim,400,20,13,1,0,42,978,4.7041e-05,7.625e-06,3.8083e-05,5892,163,3964
N400,cim,400,20,13,1,0,42,979,4.6958e-05,7.625e-06,3.8042e-05,5892,163,3964
N400,cim,400,20,13,1,0,42,980,4.7e-05,7.583e-06,3.8125e-05,5892,163,3964
N400,cim,400,20,13,1,0,42,981,4.6959e-05,7.625e-06,3.7958e-05,5892,163,3964
N400,cim,400,20,13,1,0,42,982,4.7208e-05,7.667e-06,3.825e-05,5892,163,3964
N400,cim,400,20,13,1,0,42,983,4.6917e-05,7.584e-06,3.8041e-05,5892,163,3964
N400,cim,400,20,13,1,0,42,984,4.6958e-05,7.625e-06,3.7958e-05,5892,163,3964
N400,cim,400,20,13,1,0,42,985,4.6958e-05,7.625e-06,3.7958e-05,5892,163,3964
N400,cim,400,20,13,1,0,42,986,4.7125e-05,7.583e-06,3.8208e-05,5892,163,3964
N400,cim,400,20,13,1,0,42,987,4.6958e-05,7.667e-06,3.8e-05,5892,163,3964
N400,cim,400,20,13,1,0,42,988,4.7083e-05,7.708e-06,3.8084e-05,5892,163,3964
N400,cim,400,20,13,1,0,42,989,4.7e-05,7.542e-06,3.8083e-05,5892,163,3964
N400,cim,400,20,13,1,0,42,990,4.7041e-05,7.667e-06,3.8042e-05,5892,163,3964
N400,cim,400,20,13,1,0,42,991,4.7209e-05,7.541e-06,3.8333e-05,5892,163,3964
N400,cim,400,20,13,1,0,42,992,4.7542e-05,7.959e-06,3.8291e-05,5892,163,3964
N400,cim,400,20,13,1,0,42,993,4.7709e-05,7.75e-06,3.8583e-05,5892,163,3964
N400,cim,400,20,13,1,0,42,994,4.725e-05,7.709e-06,3.825e-05,5892,163,3964
N400,cim,400,20,13,1,0,42,995,4.225e-05,7.25e-06,3.3792e-05,5892,163,3964
N400,cim,400,20,13,1,0,42,996,4.1417e-05,6.708e-06,3.35e-05,5892,163,3964
N400,cim,400,20,13,1,0,42,997,4.1333e-05,6.708e-06,3.3458e-05,5892,163,3964
N400,cim,400,20,13,1,0,42,998,4.15e-05,6.75e-06,3.3584e-05,5892,163,3964
N400,cim,400,20,13,1,0,42,999,4.1458e-05,6.75e-06,3.3542e-05,5892,163,3964
N800,cim,800,20,13,1,0,42,0,0.000254416,3.0625e-05,0.000220334,8352,170,15234
N800,cim,800,20,13,1,0,42,1,0.000207,1.9875e-05,0.000184208,8352,170,15234
N800,cim,800,20,13,1,0,42,2,0.000215167,2.2542e-05,0.000190125,8352,170,15234
N800,cim,800,20,13,1,0,42,3,0.0001885,1.7292e-05,0.000169084,8352,170,15234
N800,cim,800,20,13,1,0,42,4,0.000158584,1.4958e-05,0.000141709,8352,170,15234
N800,cim,800,20,13,1,0,42,5,0.000157458,1.475e-05,0.000140167,8352,170,15234
N800,cim,800,20,13,1,0,42,6,0.000212083,1.7709e-05,0.000191791,8352,170,15234
N800,cim,800,20,13,1,0,42,7,0.00022,1.8333e-05,0.000198875,8352,170,15234
N800,cim,800,20,13,1,0,42,8,0.000195167,1.7584e-05,0.000175333,8352,170,15234
N800,cim,800,20,13,1,0,42,9,0.000200208,1.8875e-05,0.000178917,8352,170,15234
N800,cim,800,20,13,1,0,42,10,0.000175834,1.6625e-05,0.000156958,8352,170,15234
N800,cim,800,20,13,1,0,42,11,0.000161166,1.6709e-05,0.000142416,8352,170,15234
N800,cim,800,20,13,1,0,42,12,0.000148,1.4584e-05,0.000131375,8352,170,15234
N800,cim,800,20,13,1,0,42,13,0.00016825,1.4625e-05,0.000151333,8352,170,15234
N800,cim,800,20,13,1,0,42,14,0.000166666,1.6667e-05,0.000147708,8352,170,15234
N800,cim,800,20,13,1,0,42,15,0.000163625,1.6584e-05,0.000144875,8352,170,15234
N800,cim,800,20,13,1,0,42,16,0.000170833,1.4667e-05,0.000153875,8352,170,15234
N800,cim,800,20,13,1,0,42,17,0.000166166,1.6459e-05,0.000147375,8352,170,15234
N800,cim,800,20,13,1,0,42,18,0.000153375,1.6458e-05,0.000134791,8352,170,15234
N800,cim,800,20,13,1,0,42,19,0.000146625,1.4583e-05,0.000129875,8352,170,15234
N800,cim,800,20,13,1,0,42,20,0.000149667,1.4541e-05,0.000133167,8352,170,15234
N800,cim,800,20,13,1,0,42,21,0.000146958,1.4583e-05,0.000130416,8352,170,15234
N800,cim,800,20,13,1,0,42,22,0.000147333,1.475e-05,0.000130584,8352,170,15234
N800,cim,800,20,13,1,0,42,23,0.000147417,1.4625e-05,0.000130875,8352,170,15234
N800,cim,800,20,13,1,0,42,24,0.000147208,1.4708e-05,0.000130541,8352,170,15234
N800,cim,800,20,13,1,0,42,25,0.00014775,1.4666e-05,0.000131042,8352,170,15234
N800,cim,800,20,13,1,0,42,26,0.000146958,1.4666e-05,0.000130375,8352,170,15234
N800,cim,800,20,13,1,0,42,27,0.000147792,1.4667e-05,0.000131125,8352,170,15234
N800,cim,800,20,13,1,0,42,28,0.000146958,1.45e-05,0.000130458,8352,170,15234
N800,cim,800,20,13,1,0,42,29,0.000147583,1.4625e-05,0.000130958,8352,170,15234
N800,cim,800,20,13,1,0,42,30,0.000146792,1.4708e-05,0.000130125,8352,170,15234
N800,cim,800,20,13,1,0,42,31,0.000147,1.4666e-05,0.000130417,8352,170,15234
N800,cim,800,20,13,1,0,42,32,0.0001465,1.4709e-05,0.000129875,8352,170,15234
N800,cim,800,20,13,1,0,42,33,0.000147583,1.4708e-05,0.000130834,8352,170,15234
N800,cim,800,20,13,1,0,42,34,0.000166625,1.475e-05,0.000149667,8352,170,15234
N800,cim,800,20,13,1,0,42,35,0.00016525,1.65e-05,0.000146459,8352,170,15234
N800,cim,800,20,13,1,0,42,36,0.00015375,1.6333e-05,0.000135459,8352,170,15234
N800,cim,800,20,13,1,0,42,37,0.000147709,1.4667e-05,0.000131041,8352,170,15234
N800,cim,800,20,13,1,0,42,38,0.000146708,1.4666e-05,0.00013,8352,170,15234
N800,cim,800,20,13,1,0,42,39,0.000147042,1.4666e-05,0.000130417,8352,170,15234
N800,cim,800,20,13,1,0,42,40,0.000147958,1.4583e-05,0.000131417,8352,170,15234
N800,cim,800,20,13,1,0,42,41,0.000167708,1.4708e-05,0.00015075,8352,170,15234
N800,cim,800,20,13,1,0,42,42,0.000165167,1.65e-05,0.0001465,8352,170,15234
N800,cim,800,20,13,1,0,42,43,0.000165625,1.65e-05,0.000146917,8352,170,15234
N800,cim,800,20,13,1,0,42,44,0.000149916,1.6417e-05,0.0001315,8352,170,15234
N800,cim,800,20,13,1,0,42,45,0.000147,1.4625e-05,0.000130375,8352,170,15234
N800,cim,800,20,13,1,0,42,46,0.000146792,1.4792e-05,0.000130041,8352,170,15234
N800,cim,800,20,13,1,0,42,47,0.00014625,1.4541e-05,0.000129709,8352,170,15234
N800,cim,800,20,13,1,0,42,48,0.000148459,1.4541e-05,0.000131833,8352,170,15234
N800,cim,800,20,13,1,0,42,49,0.000147541,1.4667e-05,0.000130917,8352,170,15234
N800,cim,800,20,13,1,0,42,50,0.000146542,1.4625e-05,0.000129958,8352,170,15234
N800,cim,800,20,13,1,0,42,51,0.000147334,1.4666e-05,0.000130584,8352,170,15234
N800,cim,800,20,13,1,0,42,52,0.000146959,1.4542e-05,0.000130458,8352,170,15234
N800,cim,800,20,13,1,0,42,53,0.000147375,1.4584e-05,0.000130666,8352,170,15234
N800,cim,800,20,13,1,0,42,54,0.000147041,1.475e-05,0.000130334,8352,170,15234
N800,cim,800,20,13,1,0,42,55,0.000156333,1.45e-05,0.000139792,8352,170,15234
N800,cim,800,20,13,1,0,42,56,0.00017725,1.4583e-05,0.000159875,8352,170,15234
N800,cim,800,20,13,1,0,42,57,0.000152292,1.7958e-05,0.000132334,8352,170,15234
N800,cim,800,20,13,1,0,42,58,0.000145541,1.45e-05,0.000129084,8352,170,15234
N800,cim,800,20,13,1,0,42,59,0.000148708,1.4583e-05,0.000132084,8352,170,15234
N800,cim,800,20,13,1,0,42,60,0.000145334,1.4375e-05,0.000129,8352,170,15234
N800,cim,800,20,13,1,0,42,61,0.000146166,1.4459e-05,0.000129625,8352,170,15234
N800,cim,800,20,13,1,0,42,62,0.00014575,1.4709e-05,0.000129083,8352,170,15234
N800,cim,800,20,13,1,0,42,63,0.0001515,1.4416e-05,0.000135084,8352,170,15234
N800,cim,800,20,13,1,0,42,64,0.000148458,1.45e-05,0.000131959,8352,170,15234
N800,cim,800,20,13,1,0,42,65,0.000150666,1.4584e-05,0.000133666,8352,170,15234
N800,cim,800,20,13,1,0,42,66,0.000150667,1.4458e-05,0.000134292,8352,170,15234
N800,cim,800,20,13,1,0,42,67,0.000148708,1.45e-05,0.000131875,8352,170,15234
N800,cim,800,20,13,1,0,42,68,0.000157208,1.7458e-05,0.000137708,8352,170,15234
N800,cim,800,20,13,1,0,42,69,0.000146,1.4584e-05,0.000129459,8352,170,15234
N800,cim,800,20,13,1,0,42,70,0.000156125,1.45e-05,0.000139625,8352,170,15234
N800,cim,800,20,13,1,0,42,71,0.0001515,1.45e-05,0.000134792,8352,170,15234
N800,cim,800,20,13,1,0,42,72,0.00014875,1.6875e-05,0.000129875,8352,170,15234
N800,cim,800,20,13,1,0,42,73,0.000156667,1.4667e-05,0.00014,8352,170,15234
N800,cim,800,20,13,1,0,42,74,0.000145625,1.4709e-05,0.000128958,8352,170,15234
N800,cim,800,20,13,1,0,42,75,0.000145875,1.45e-05,0.000129416,8352,170,15234
N800,cim,800,20,13,1,0,42,76,0.000145375,1.4375e-05,0.000129042,8352,170,15234
N800,cim,800,20,13,1,0,42,77,0.000146167,1.4625e-05,0.000129542,8352,170,15234
N800,cim,800,20,13,1,0,42,78,0.000145708,1.4583e-05,0.000129167,8352,170,15234
N800,cim,800,20,13,1,0,42,79,0.000148667,1.4458e-05,0.00013225,8352,170,15234
N800,cim,800,20,13,1,0,42,80,0.000150625,1.4541e-05,0.000134167,8352,170,15234
N800,cim,800,20,13,1,0,42,81,0.000145375,1.4541e-05,0.000128834,8352,170,15234
N800,cim,800,20,13,1,0,42,82,0.000145583,1.4541e-05,0.000129167,8352,170,15234
N800,cim,800,20,13,1,0,42,83,0.000145916,1.4542e-05,0.000129375,8352,170,15234
N800,cim,800,20,13,1,0,42,84,0.000144875,1.4417e-05,0.000128583,8352,170,15234
N800,cim,800,20,13,1,0,42,85,0.000146125,1.4459e-05,0.000129625,8352,170,15234
N800,cim,800,20,13,1,0,42,86,0.000145625,1.4625e-05,0.000129042,8352,170,15234
N800,cim,800,20,13,1,0,42,87,0.000151417,1.45e-05,0.000134958,8352,170,15234
N800,cim,800,20,13,1,0,42,88,0.000145708,1.4625e-05,0.000129125,8352,170,15234
N800,cim,800,20,13,1,0,42,89,0.000150916,1.45e-05,0.000134375,8352,170,15234
N800,cim,800,20,13,1,0,42,90,0.0001455,1.45e-05,0.000129083,8352,170,15234
N800,cim,800,20,13,1,0,42,91,0.000174666,1.4584e-05,0.000157875,8352,170,15234
N800,cim,800,20,13,1,0,42,92,0.000152334,1.6458e-05,0.000133792,8352,170,15234
N800,cim,800,20,13,1,0,42,93,0.000148583,1.4416e-05,0.000132125,8352,170,15234
N800,cim,800,20,13,1,0,42,94,0.000167333,1.7709e-05,0.000147666,8352,170,15234
N800,cim,800,20,13,1,0,42,95,0.000162708,1.4709e-05,0.00014575,8352,170,15234
N800,cim,800,20,13,1,0,42,96,0.00016925,1.6458e-05,0.000150333,8352,170,15234
N800,cim,800,20,13,1,0,42,97,0.000175541,2.0833e-05,0.000152583,8352,170,15234
N800,cim,800,20,13,1,0,42,98,0.000145417,1.45e-05,0.000128917,8352,170,15234
N800,cim,800,20,13,1,0,42,99,0.000146,1.4583e-05,0.000129375,8352,170,15234
N800,cim,800,20,13,1,0,42,100,0.000145625,1.4417e-05,0.000129208,8352,170,15234
N800,cim,800,20,13,1,0,42,101,0.000145542,1.4541e-05,0.000129,8352,170,15234
N800,cim,800,20,13,1,0,42,102,0.000145375,1.4583e-05,0.000128833,8352,170,15234
N800,cim,800,20,13,1,0,42,103,0.000153708,1.4458e-05,0.000137292,8352,170,15234
N800,cim,800,20,13,1,0,42,104,0.000146084,1.4583e-05,0.000129542,8352,170,15234
N800,cim,800,20,13,1,0,42,105,0.00014625,1.4542e-05,0.000129708,8352,170,15234
N800,cim,800,20,13,1,0,42,106,0.000145542,1.4583e-05,0.000129,8352,170,15234
N800,cim,800,20,13,1,0,42,107,0.000146,1.4583e-05,0.000129333,8352,170,15234
N800,cim,800,20,13,1,0,42,108,0.000148917,1.45e-05,0.0001325,8352,170,15234
N800,cim,800,20,13,1,0,42,109,0.000152417,1.4542e-05,0.000135292,8352,170,15234
N800,cim,800,20,13,1,0,42,110,0.000147958,1.6542e-05,0.000129458,8352,170,15234
N800,cim,800,20,13,1,0,42,111,0.000149791,1.4583e-05,0.000133125,8352,170,15234
N800,cim,800,20,13,1,0,42,112,0.000147833,1.4709e-05,0.000131125,8352,170,15234
N800,cim,800,20,13,1,0,42,113,0.00014775,1.4625e-05,0.000131167,8352,170,15234
N800,cim,800,20,13,1,0,42,114,0.000147458,1.4708e-05,0.000130792,8352,170,15234
N800,cim,800,20,13,1,0,42,115,0.000146083,1.4584e-05,0.000129541,8352,170,15234
N800,cim,800,20,13,1,0,42,116,0.000145709,1.4583e-05,0.000129125,8352,170,15234
N800,cim,800,20,13,1,0,42,117,0.000145917,1.45e-05,0.000129416,8352,170,15234
N800,cim,800,20,13,1,0,42,118,0.000145708,1.4625e-05,0.000129125,8352,170,15234
N800,cim,800,20,13,1,0,42,119,0.000145959,1.4542e-05,0.0001295,8352,170,15234
N800,cim,800,20,13,1,0,42,120,0.000145542,1.45e-05,0.000129041,8352,170,15234
N800,cim,800,20,13,1,0,42,121,0.000146208,1.45e-05,0.000129708,8352,170,15234
N800,cim,800,20,13,1,0,42,122,0.00014575,1.4459e-05,0.000129375,8352,170,15234
N800,cim,800,20,13,1,0,42,123,0.000146125,1.4542e-05,0.000129625,8352,170,15234
N800,cim,800,20,13,1,0,42,124,0.000148709,1.4458e-05,0.000132292,8352,170,15234
N800,cim,800,20,13,1,0,42,125,0.000167334,1.4667e-05,0.000150458,8352,170,15234
N800,cim,800,20,13,1,0,42,126,0.000164875,1.6583e-05,0.000146083,8352,170,15234
N800,cim,800,20,13,1,0,42,127,0.00017275,1.6375e-05,0.000154125,8352,170,15234
N800,cim,800,20,13,1,0,42,128,0.000164625,1.6667e-05,0.000145708,8352,170,15234
N800,cim,800,20,13,1,0,42,129,0.000165458,1.6584e-05,0.000146625,8352,170,15234
N800,cim,800,20,13,1,0,42,130,0.000164417,1.6541e-05,0.000145625,8352,170,15234
N800,cim,800,20,13,1,0,42,131,0.000167208,1.6417e-05,0.000148583,8352,170,15234
N800,cim,800,20,13,1,0,42,132,0.000164875,1.6459e-05,0.000146208,8352,170,15234
N800,cim,800,20,13,1,0,42,133,0.000170125,1.6458e-05,0.000151375,8352,170,15234
N800,cim,800,20,13,1,0,42,134,0.000165084,1.6542e-05,0.000146375,8352,170,15234
N800,cim,800,20,13,1,0,42,135,0.00016675,1.6458e-05,0.000148125,8352,170,15234
N800,cim,800,20,13,1,0,42,136,0.000165,1.6542e-05,0.00014625,8352,170,15234
N800,cim,800,20,13,1,0,42,137,0.000165,1.6458e-05,0.00014625,8352,170,15234
N800,cim,800,20,13,1,0,42,138,0.000164709,1.6458e-05,0.000146042,8352,170,15234
N800,cim,800,20,13,1,0,42,139,0.000165291,1.65e-05,0.000146458,8352,170,15234
N800,cim,800,20,13,1,0,42,140,0.000168,1.6333e-05,0.000149458,8352,170,15234
N800,cim,800,20,13,1,0,42,141,0.000165666,1.65e-05,0.000146917,8352,170,15234
N800,cim,800,20,13,1,0,42,142,0.000157459,1.6583e-05,0.000138917,8352,170,15234
N800,cim,800,20,13,1,0,42,143,0.000147459,1.4709e-05,0.000130792,8352,170,15234
N800,cim,800,20,13,1,0,42,144,0.000168083,1.4709e-05,0.000151166,8352,170,15234
N800,cim,800,20,13,1,0,42,145,0.000167625,1.6458e-05,0.000148917,8352,170,15234
N800,cim,800,20,13,1,0,42,146,0.000164833,1.65e-05,0.000146166,8352,170,15234
N800,cim,800,20,13,1,0,42,147,0.00016525,1.65e-05,0.0001465,8352,170,15234
N800,cim,800,20,13,1,0,42,148,0.000174875,1.6417e-05,0.00015625,8352,170,15234
N800,cim,800,20,13,1,0,42,149,0.000160583,1.6375e-05,0.000142125,8352,170,15234
N800,cim,800,20,13,1,0,42,150,0.000147291,1.4709e-05,0.000130542,8352,170,15234
N800,cim,800,20,13,1,0,42,151,0.000165834,1.4625e-05,0.000148958,8352,170,15234
N800,cim,800,20,13,1,0,42,152,0.000165,1.6542e-05,0.000146292,8352,170,15234
N800,cim,800,20,13,1,0,42,153,0.000165792,1.6666e-05,0.000146875,8352,170,15234
N800,cim,800,20,13,1,0,42,154,0.000323667,1.6542e-05,0.000304416,8352,170,15234
N800,cim,800,20,13,1,0,42,155,0.000170458,1.6666e-05,0.00015125,8352,170,15234
N800,cim,800,20,13,1,0,42,156,0.00021,1.65e-05,0.000191083,8352,170,15234
N800,cim,800,20,13,1,0,42,157,0.000224917,1.85e-05,0.000203791,8352,170,15234
N800,cim,800,20,13,1,0,42,158,0.0001995,1.7375e-05,0.000179667,8352,170,15234
N800,cim,800,20,13,1,0,42,159,0.000203208,1.6833e-05,0.000183875,8352,170,15234
N800,cim,800,20,13,1,0,42,160,0.000176125,1.7084e-05,0.000156666,8352,170,15234
N800,cim,800,20,13,1,0,42,161,0.000188791,1.6834e-05,0.000169542,8352,170,15234
N800,cim,800,20,13,1,0,42,162,0.000173625,1.6916e-05,0.00015425,8352,170,15234
N800,cim,800,20,13,1,0,42,163,0.000171667,1.6917e-05,0.000152291,8352,170,15234
N800,cim,800,20,13,1,0,42,164,0.000164125,1.6542e-05,0.000145292,8352,170,15234
N800,cim,800,20,13,1,0,42,165,0.000158958,1.6584e-05,0.00014,8352,170,15234
N800,cim,800,20,13,1,0,42,166,0.000185916,1.6125e-05,0.000167584,8352,170,15234
N800,cim,800,20,13,1,0,42,167,0.000203167,1.8042e-05,0.000182792,8352,170,15234
N800,cim,800,20,13,1,0,42,168,0.000182959,1.7208e-05,0.0001635,8352,170,15234
N800,cim,800,20,13,1,0,42,169,0.000168542,1.6667e-05,0.000149583,8352,170,15234
N800,cim,800,20,13,1,0,42,170,0.000161375,1.6458e-05,0.00014275,8352,170,15234
N800,cim,800,20,13,1,0,42,171,0.00015625,1.6458e-05,0.00013775,8352,170,15234
N800,cim,800,20,13,1,0,42,172,0.000152834,1.625e-05,0.000134459,8352,170,15234
N800,cim,800,20,13,1,0,42,173,0.000152334,1.625e-05,0.000133917,8352,170,15234
N800,cim,800,20,13,1,0,42,174,0.000151167,1.6125e-05,0.000132917,8352,170,15234
N800,cim,800,20,13,1,0,42,175,0.000151375,1.6292e-05,0.000132916,8352,170,15234
N800,cim,800,20,13,1,0,42,176,0.000150292,1.6333e-05,0.000132125,8352,170,15234
N800,cim,800,20,13,1,0,42,177,0.000156292,1.7292e-05,0.000136833,8352,170,15234
N800,cim,800,20,13,1,0,42,178,0.000147583,1.6125e-05,0.000129625,8352,170,15234
N800,cim,800,20,13,1,0,42,179,0.000135041,1.45e-05,0.00011875,8352,170,15234
N800,cim,800,20,13,1,0,42,180,0.000134667,1.4458e-05,0.000118333,8352,170,15234
N800,cim,800,20,13,1,0,42,181,0.000156625,1.8e-05,0.0001365,8352,170,15234
N800,cim,800,20,13,1,0,42,182,0.000146541,1.6042e-05,0.000127917,8352,170,15234
N800,cim,800,20,13,1,0,42,183,0.000153792,1.875e-05,0.000132875,8352,170,15234
N800,cim,800,20,13,1,0,42,184,0.000151042,1.625e-05,0.000132708,8352,170,15234
N800,cim,800,20,13,1,0,42,185,0.000151417,1.6167e-05,0.000133083,8352,170,15234
N800,cim,800,20,13,1,0,42,186,0.000151042,1.6292e-05,0.000132625,8352,170,15234
N800,cim,800,20,13,1,0,42,187,0.00015325,1.625e-05,0.000134875,8352,170,15234
N800,cim,800,20,13,1,0,42,188,0.000151,1.6166e-05,0.000132792,8352,170,15234
N800,cim,800,20,13,1,0,42,189,0.000140666,1.6292e-05,0.000122458,8352,170,15234
N800,cim,800,20,13,1,0,42,190,0.000134208,1.4333e-05,0.000118042,8352,170,15234
N800,cim,800,20,13,1,0,42,191,0.000153834,1.4417e-05,0.000137333,8352,170,15234
N800,cim,800,20,13,1,0,42,192,0.000151208,1.6291e-05,0.000132875,8352,170,15234
N800,cim,800,20,13,1,0,42,193,0.000152042,1.6291e-05,0.000133167,8352,170,15234
N800,cim,800,20,13,1,0,42,194,0.000157,2.0333e-05,0.0001345,8352,170,15234
N800,cim,800,20,13,1,0,42,195,0.000148375,1.6208e-05,0.000129625,8352,170,15234
N800,cim,800,20,13,1,0,42,196,0.000150792,1.625e-05,0.0001325,8352,170,15234
N800,cim,800,20,13,1,0,42,197,0.000150708,1.6167e-05,0.000132375,8352,170,15234
N800,cim,800,20,13,1,0,42,198,0.000149375,1.6167e-05,0.000131333,8352,170,15234
N800,cim,800,20,13,1,0,42,199,0.0001475,1.4459e-05,0.000130917,8352,170,15234
N800,cim,800,20,13,1,0,42,200,0.000151208,1.625e-05,0.000132875,8352,170,15234
N800,cim,800,20,13,1,0,42,201,0.000155083,1.6209e-05,0.00013675,8352,170,15234
N800,cim,800,20,13,1,0,42,202,0.000151083,1.625e-05,0.000132833,8352,170,15234
N800,cim,800,20,13,1,0,42,203,0.000139125,1.6209e-05,0.000120333,8352,170,15234
N800,cim,800,20,13,1,0,42,204,0.000152875,1.8209e-05,0.000132583,8352,170,15234
N800,cim,800,20,13,1,0,42,205,0.000150958,1.6167e-05,0.000132625,8352,170,15234
N800,cim,800,20,13,1,0,42,206,0.000159625,1.6167e-05,0.000140958,8352,170,15234
N800,cim,800,20,13,1,0,42,207,0.000150208,1.6125e-05,0.000131958,8352,170,15234
N800,cim,800,20,13,1,0,42,208,0.000151,1.6208e-05,0.00013275,8352,170,15234
N800,cim,800,20,13,1,0,42,209,0.000134375,1.4666e-05,0.000117834,8352,170,15234
N800,cim,800,20,13,1,0,42,210,0.000135041,1.4417e-05,0.00011875,8352,170,15234
N800,cim,800,20,13,1,0,42,211,0.000135167,1.45e-05,0.00011875,8352,170,15234
N800,cim,800,20,13,1,0,42,212,0.000154583,1.4375e-05,0.000138125,8352,170,15234
N800,cim,800,20,13,1,0,42,213,0.000149041,1.625e-05,0.000130833,8352,170,15234
N800,cim,800,20,13,1,0,42,214,0.000134916,1.4375e-05,0.000118709,8352,170,15234
N800,cim,800,20,13,1,0,42,215,0.000134417,1.4583e-05,0.000117958,8352,170,15234
N800,cim,800,20,13,1,0,42,216,0.000134625,1.45e-05,0.00011825,8352,170,15234
N800,cim,800,20,13,1,0,42,217,0.00013475,1.4542e-05,0.00011825,8352,170,15234
N800,cim,800,20,13,1,0,42,218,0.000154958,1.4625e-05,0.00013825,8352,170,15234
N800,cim,800,20,13,1,0,42,219,0.000151167,1.625e-05,0.000132792,8352,170,15234
N800,cim,800,20,13,1,0,42,220,0.000151375,1.6166e-05,0.000133125,8352,170,15234
N800,cim,800,20,13,1,0,42,221,0.00015575,1.6291e-05,0.000137292,8352,170,15234
N800,cim,800,20,13,1,0,42,222,0.000169709,1.6208e-05,0.000151083,8352,170,15234
N800,cim,800,20,13,1,0,42,223,0.000224334,1.85e-05,0.000203209,8352,170,15234
N800,cim,800,20,13,1,0,42,224,0.000182708,1.7459e-05,0.000163125,8352,170,15234
N800,cim,800,20,13,1,0,42,225,0.000168917,1.475e-05,0.000151833,8352,170,15234
N800,cim,800,20,13,1,0,42,226,0.000168209,1.6333e-05,0.0001495,8352,170,15234
N800,cim,800,20,13,1,0,42,227,0.000148042,1.625e-05,0.000129792,8352,170,15234
N800,cim,800,20,13,1,0,42,228,0.000138958,1.4459e-05,0.000122583,8352,170,15234
N800,cim,800,20,13,1,0,42,229,0.000138708,1.4417e-05,0.00012225,8352,170,15234
N800,cim,800,20,13,1,0,42,230,0.000137209,1.425e-05,0.000120958,8352,170,15234
N800,cim,800,20,13,1,0,42,231,0.000136708,1.4459e-05,0.000120209,8352,170,15234
N800,cim,800,20,13,1,0,42,232,0.000136333,1.4459e-05,0.000119958,8352,170,15234
N800,cim,800,20,13,1,0,42,233,0.000135792,1.4541e-05,0.000119209,8352,170,15234
N800,cim,800,20,13,1,0,42,234,0.000136375,1.4625e-05,0.000119708,8352,170,15234
N800,cim,800,20,13,1,0,42,235,0.000136083,1.4375e-05,0.00011975,8352,170,15234
N800,cim,800,20,13,1,0,42,236,0.000135625,1.425e-05,0.0001195,8352,170,15234
N800,cim,800,20,13,1,0,42,237,0.000135542,1.4333e-05,0.000119166,8352,170,15234
N800,cim,800,20,13,1,0,42,238,0.000135167,1.4292e-05,0.000118875,8352,170,15234
N800,cim,800,20,13,1,0,42,239,0.00013575,1.4375e-05,0.000119333,8352,170,15234
N800,cim,800,20,13,1,0,42,240,0.000135084,1.4459e-05,0.00011875,8352,170,15234
N800,cim,800,20,13,1,0,42,241,0.000135167,1.4208e-05,0.000119,8352,170,15234
N800,cim,800,20,13,1,0,42,242,0.000135834,1.4458e-05,0.000119375,8352,170,15234
N800,cim,800,20,13,1,0,42,243,0.000135708,1.4375e-05,0.000119375,8352,170,15234
N800,cim,800,20,13,1,0,42,244,0.000135125,1.4334e-05,0.000118875,8352,170,15234
N800,cim,800,20,13,1,0,42,245,0.000135333,1.4292e-05,0.000119083,8352,170,15234
N800,cim,800,20,13,1,0,42,246,0.000135292,1.4125e-05,0.00011925,8352,170,15234
N800,cim,800,20,13,1,0,42,247,0.000135584,1.425e-05,0.000119333,8352,170,15234
N800,cim,800,20,13,1,0,42,248,0.000135667,1.4583e-05,0.000119167,8352,170,15234
N800,cim,800,20,13,1,0,42,249,0.000134792,1.4208e-05,0.000118667,8352,170,15234
N800,cim,800,20,13,1,0,42,250,0.000135583,1.4416e-05,0.000119292,8352,170,15234
N800,cim,800,20,13,1,0,42,251,0.000135625,1.45e-05,0.000119084,8352,170,15234
N800,cim,800,20,13,1,0,42,252,0.000135375,1.4416e-05,0.000119042,8352,170,15234
N800,cim,800,20,13,1,0,42,253,0.000135791,1.4417e-05,0.000119417,8352,170,15234
N800,cim,800,20,13,1,0,42,254,0.000135666,1.4417e-05,0.00011925,8352,170,15234
N800,cim,800,20,13,1,0,42,255,0.000135375,1.4291e-05,0.000119125,8352,170,15234
N800,cim,800,20,13,1,0,42,256,0.000135708,1.45e-05,0.000119292,8352,170,15234
N800,cim,800,20,13,1,0,42,257,0.000135834,1.4334e-05,0.000119416,8352,170,15234
N800,cim,800,20,13,1,0,42,258,0.00013575,1.4416e-05,0.000119333,8352,170,15234
N800,cim,800,20,13,1,0,42,259,0.000135291,1.4292e-05,0.000119,8352,170,15234
N800,cim,800,20,13,1,0,42,260,0.000135458,1.4458e-05,0.000119083,8352,170,15234
N800,cim,800,20,13,1,0,42,261,0.000135833,1.4334e-05,0.000119625,8352,170,15234
N800,cim,800,20,13,1,0,42,262,0.0001355,1.4208e-05,0.000119333,8352,170,15234
N800,cim,800,20,13,1,0,42,263,0.00013525,1.4375e-05,0.000118875,8352,170,15234
N800,cim,800,20,13,1,0,42,264,0.000135708,1.4375e-05,0.000119291,8352,170,15234
N800,cim,800,20,13,1,0,42,265,0.000136084,1.4458e-05,0.000119583,8352,170,15234
N800,cim,800,20,13,1,0,42,266,0.00013575,1.425e-05,0.000119542,8352,170,15234
N800,cim,800,20,13,1,0,42,267,0.000135709,1.45e-05,0.00011925,8352,170,15234
N800,cim,800,20,13,1,0,42,268,0.000135666,1.4459e-05,0.000119291,8352,170,15234
N800,cim,800,20,13,1,0,42,269,0.000135792,1.4375e-05,0.000119416,8352,170,15234
N800,cim,800,20,13,1,0,42,270,0.000135792,1.4416e-05,0.000119459,8352,170,15234
N800,cim,800,20,13,1,0,42,271,0.000135167,1.4416e-05,0.000118792,8352,170,15234
N800,cim,800,20,13,1,0,42,272,0.000135792,1.4417e-05,0.000119458,8352,170,15234
N800,cim,800,20,13,1,0,42,273,0.000135083,1.4292e-05,0.000118791,8352,170,15234
N800,cim,800,20,13,1,0,42,274,0.000135708,1.4417e-05,0.000119292,8352,170,15234
N800,cim,800,20,13,1,0,42,275,0.000135167,1.4416e-05,0.000118709,8352,170,15234
N800,cim,800,20,13,1,0,42,276,0.000135333,1.4375e-05,0.000119041,8352,170,15234
N800,cim,800,20,13,1,0,42,277,0.0001355,1.4542e-05,0.000119,8352,170,15234
N800,cim,800,20,13,1,0,42,278,0.000135834,1.4292e-05,0.000119542,8352,170,15234
N800,cim,800,20,13,1,0,42,279,0.000156791,2.0167e-05,0.000134291,8352,170,15234
N800,cim,800,20,13,1,0,42,280,0.000148792,1.6e-05,0.000130834,8352,170,15234
N800,cim,800,20,13,1,0,42,281,0.0001355,1.425e-05,0.000119208,8352,170,15234
N800,cim,800,20,13,1,0,42,282,0.000135625,1.4375e-05,0.000119291,8352,170,15234
N800,cim,800,20,13,1,0,42,283,0.000135334,1.4416e-05,0.000118875,8352,170,15234
N800,cim,800,20,13,1,0,42,284,0.000135375,1.4291e-05,0.000119084,8352,170,15234
N800,cim,800,20,13,1,0,42,285,0.000134792,1.4291e-05,0.0001185,8352,170,15234
N800,cim,800,20,13,1,0,42,286,0.000135709,1.425e-05,0.0001195,8352,170,15234
N800,cim,800,20,13,1,0,42,287,0.000135417,1.4416e-05,0.000119084,8352,170,15234
N800,cim,800,20,13,1,0,42,288,0.000135542,1.4375e-05,0.000119209,8352,170,15234
N800,cim,800,20,13,1,0,42,289,0.000136459,1.4417e-05,0.000120042,8352,170,15234
N800,cim,800,20,13,1,0,42,290,0.0001365,1.4458e-05,0.000120083,8352,170,15234
N800,cim,800,20,13,1,0,42,291,0.000137875,1.45e-05,0.000121459,8352,170,15234
N800,cim,800,20,13,1,0,42,292,0.000135625,1.4375e-05,0.000119375,8352,170,15234
N800,cim,800,20,13,1,0,42,293,0.00013525,1.4542e-05,0.00011875,8352,170,15234
N800,cim,800,20,13,1,0,42,294,0.000135916,1.4459e-05,0.0001195,8352,170,15234
N800,cim,800,20,13,1,0,42,295,0.000135708,1.4625e-05,0.000119084,8352,170,15234
N800,cim,800,20,13,1,0,42,296,0.000136083,1.4459e-05,0.000119666,8352,170,15234
N800,cim,800,20,13,1,0,42,297,0.000135792,1.4333e-05,0.000119417,8352,170,15234
N800,cim,800,20,13,1,0,42,298,0.000135917,1.4542e-05,0.000119458,8352,170,15234
N800,cim,800,20,13,1,0,42,299,0.000135958,1.4417e-05,0.0001195,8352,170,15234
N800,cim,800,20,13,1,0,42,300,0.000136167,1.4417e-05,0.000119833,8352,170,15234
N800,cim,800,20,13,1,0,42,301,0.000135458,1.4333e-05,0.000119,8352,170,15234
N800,cim,800,20,13,1,0,42,302,0.000135625,1.4416e-05,0.00011925,8352,170,15234
N800,cim,800,20,13,1,0,42,303,0.000145875,1.4333e-05,0.000129291,8352,170,15234
N800,cim,800,20,13,1,0,42,304,0.000151958,1.6166e-05,0.000133667,8352,170,15234
N800,cim,800,20,13,1,0,42,305,0.000151917,1.6166e-05,0.000133542,8352,170,15234
N800,cim,800,20,13,1,0,42,306,0.000152416,1.6125e-05,0.000134083,8352,170,15234
N800,cim,800,20,13,1,0,42,307,0.0001445,1.6e-05,0.000126542,8352,170,15234
N800,cim,800,20,13,1,0,42,308,0.000136083,1.4417e-05,0.00011975,8352,170,15234
N800,cim,800,20,13,1,0,42,309,0.000135292,1.4291e-05,0.000119042,8352,170,15234
N800,cim,800,20,13,1,0,42,310,0.000136083,1.4292e-05,0.000119833,8352,170,15234
N800,cim,800,20,13,1,0,42,311,0.000136209,1.4291e-05,0.000119833,8352,170,15234
N800,cim,800,20,13,1,0,42,312,0.000136292,1.4375e-05,0.000119958,8352,170,15234
N800,cim,800,20,13,1,0,42,313,0.000135417,1.4208e-05,0.00011925,8352,170,15234
N800,cim,800,20,13,1,0,42,314,0.000135834,1.4333e-05,0.000119584,8352,170,15234
N800,cim,800,20,13,1,0,42,315,0.000135709,1.4333e-05,0.000119417,8352,170,15234
N800,cim,800,20,13,1,0,42,316,0.000135958,1.4458e-05,0.000119541,8352,170,15234
N800,cim,800,20,13,1,0,42,317,0.000145042,1.4417e-05,0.000128417,8352,170,15234
N800,cim,800,20,13,1,0,42,318,0.00015225,1.6083e-05,0.000133958,8352,170,15234
N800,cim,800,20,13,1,0,42,319,0.0001515,1.6125e-05,0.000133375,8352,170,15234
N800,cim,800,20,13,1,0,42,320,0.00014575,1.4375e-05,0.000128959,8352,170,15234
N800,cim,800,20,13,1,0,42,321,0.000152375,1.6208e-05,0.000133958,8352,170,15234
N800,cim,800,20,13,1,0,42,322,0.000152042,1.6209e-05,0.000133666,8352,170,15234
N800,cim,800,20,13,1,0,42,323,0.000151875,1.625e-05,0.000133375,8352,170,15234
N800,cim,800,20,13,1,0,42,324,0.000140792,1.6209e-05,0.000122625,8352,170,15234
N800,cim,800,20,13,1,0,42,325,0.000155708,1.4333e-05,0.000139167,8352,170,15234
N800,cim,800,20,13,1,0,42,326,0.000152042,1.6208e-05,0.000133625,8352,170,15234
N800,cim,800,20,13,1,0,42,327,0.000152541,1.6583e-05,0.000133708,8352,170,15234
N800,cim,800,20,13,1,0,42,328,0.000151708,1.6125e-05,0.000133417,8352,170,15234
N800,cim,800,20,13,1,0,42,329,0.000204375,1.6208e-05,0.00018575,8352,170,15234
N800,cim,800,20,13,1,0,42,330,0.0001675,1.6958e-05,0.000148291,8352,170,15234
N800,cim,800,20,13,1,0,42,331,0.000151666,1.6375e-05,0.000133209,8352,170,15234
N800,cim,800,20,13,1,0,42,332,0.000147291,1.4667e-05,0.00013075,8352,170,15234
N800,cim,800,20,13,1,0,42,333,0.000144833,1.4666e-05,0.000128167,8352,170,15234
N800,cim,800,20,13,1,0,42,334,0.000153125,1.4542e-05,0.000136417,8352,170,15234
N800,cim,800,20,13,1,0,42,335,0.000157334,1.6292e-05,0.000138791,8352,170,15234
N800,cim,800,20,13,1,0,42,336,0.000146917,1.6292e-05,0.000128625,8352,170,15234
N800,cim,800,20,13,1,0,42,337,0.000139,1.4542e-05,0.000122417,8352,170,15234
N800,cim,800,20,13,1,0,42,338,0.000138459,1.4625e-05,0.000121917,8352,170,15234
N800,cim,800,20,13,1,0,42,339,0.000151667,1.4625e-05,0.000134916,8352,170,15234
N800,cim,800,20,13,1,0,42,340,0.000155042,1.6375e-05,0.000136583,8352,170,15234
N800,cim,800,20,13,1,0,42,341,0.000152708,1.6334e-05,0.000134167,8352,170,15234
N800,cim,800,20,13,1,0,42,342,0.000154417,1.6292e-05,0.000135958,8352,170,15234
N800,cim,800,20,13,1,0,42,343,0.000145791,1.6416e-05,0.000127375,8352,170,15234
N800,cim,800,20,13,1,0,42,344,0.000138375,1.4625e-05,0.000121833,8352,170,15234
N800,cim,800,20,13,1,0,42,345,0.000146125,1.45e-05,0.000128958,8352,170,15234
N800,cim,800,20,13,1,0,42,346,0.000155083,1.6416e-05,0.0001365,8352,170,15234
N800,cim,800,20,13,1,0,42,347,0.000157458,1.6333e-05,0.000138833,8352,170,15234
N800,cim,800,20,13,1,0,42,348,0.000154583,1.6292e-05,0.000136125,8352,170,15234
N800,cim,800,20,13,1,0,42,349,0.000142291,1.6333e-05,0.000123875,8352,170,15234
N800,cim,800,20,13,1,0,42,350,0.000137708,1.4541e-05,0.00012125,8352,170,15234
N800,cim,800,20,13,1,0,42,351,0.000137834,1.4583e-05,0.000121208,8352,170,15234
N800,cim,800,20,13,1,0,42,352,0.000138041,1.4583e-05,0.0001215,8352,170,15234
N800,cim,800,20,13,1,0,42,353,0.00014825,1.4458e-05,0.000131625,8352,170,15234
N800,cim,800,20,13,1,0,42,354,0.000221666,1.6334e-05,0.000203083,8352,170,15234
N800,cim,800,20,13,1,0,42,355,0.000179792,1.6583e-05,0.000160917,8352,170,15234
N800,cim,800,20,13,1,0,42,356,0.00017875,1.8291e-05,0.000158292,8352,170,15234
N800,cim,800,20,13,1,0,42,357,0.000155292,1.5417e-05,0.00013775,8352,170,15234
N800,cim,800,20,13,1,0,42,358,0.000147584,1.5e-05,0.000130625,8352,170,15234
N800,cim,800,20,13,1,0,42,359,0.000144458,1.4542e-05,0.000128,8352,170,15234
N800,cim,800,20,13,1,0,42,360,0.000141459,1.4417e-05,0.000125125,8352,170,15234
N800,cim,800,20,13,1,0,42,361,0.000140583,1.4375e-05,0.00012425,8352,170,15234
N800,cim,800,20,13,1,0,42,362,0.000139375,1.4417e-05,0.000123042,8352,170,15234
N800,cim,800,20,13,1,0,42,363,0.000139792,1.4334e-05,0.000123416,8352,170,15234
N800,cim,800,20,13,1,0,42,364,0.0001395,1.45e-05,0.000123083,8352,170,15234
N800,cim,800,20,13,1,0,42,365,0.000143708,1.425e-05,0.000127459,8352,170,15234
N800,cim,800,20,13,1,0,42,366,0.000140625,1.4541e-05,0.000124167,8352,170,15234
N800,cim,800,20,13,1,0,42,367,0.00014,1.4375e-05,0.000123708,8352,170,15234
N800,cim,800,20,13,1,0,42,368,0.000139917,1.4375e-05,0.000123625,8352,170,15234
N800,cim,800,20,13,1,0,42,369,0.000139292,1.4333e-05,0.000122917,8352,170,15234
N800,cim,800,20,13,1,0,42,370,0.000139334,1.4458e-05,0.000123,8352,170,15234
N800,cim,800,20,13,1,0,42,371,0.00013925,1.4417e-05,0.000122833,8352,170,15234
N800,cim,800,20,13,1,0,42,372,0.000143875,1.7292e-05,0.000124708,8352,170,15234
N800,cim,800,20,13,1,0,42,373,0.000141375,1.4542e-05,0.00012475,8352,170,15234
N800,cim,800,20,13,1,0,42,374,0.000139334,1.4542e-05,0.000122875,8352,170,15234
N800,cim,800,20,13,1,0,42,375,0.000139291,1.4375e-05,0.000122917,8352,170,15234
N800,cim,800,20,13,1,0,42,376,0.000139166,1.4542e-05,0.00012275,8352,170,15234
N800,cim,800,20,13,1,0,42,377,0.000139583,1.4542e-05,0.000123083,8352,170,15234
N800,cim,800,20,13,1,0,42,378,0.000139166,1.4375e-05,0.000122958,8352,170,15234
N800,cim,800,20,13,1,0,42,379,0.000139792,1.4292e-05,0.000123583,8352,170,15234
N800,cim,800,20,13,1,0,42,380,0.00013925,1.4375e-05,0.000122959,8352,170,15234
N800,cim,800,20,13,1,0,42,381,0.00013975,1.4458e-05,0.000123375,8352,170,15234
N800,cim,800,20,13,1,0,42,382,0.000139125,1.4375e-05,0.000122875,8352,170,15234
N800,cim,800,20,13,1,0,42,383,0.000139416,1.4334e-05,0.000123125,8352,170,15234
N800,cim,800,20,13,1,0,42,384,0.000139458,1.4458e-05,0.000123083,8352,170,15234
N800,cim,800,20,13,1,0,42,385,0.000139542,1.4291e-05,0.000123292,8352,170,15234
N800,cim,800,20,13,1,0,42,386,0.000144792,1.4458e-05,0.000127709,8352,170,15234
N800,cim,800,20,13,1,0,42,387,0.00016075,1.8875e-05,0.000139625,8352,170,15234
N800,cim,800,20,13,1,0,42,388,0.000145917,1.625e-05,0.000127667,8352,170,15234
N800,cim,800,20,13,1,0,42,389,0.000162208,1.4333e-05,0.00014575,8352,170,15234
N800,cim,800,20,13,1,0,42,390,0.000158459,1.6458e-05,0.000139791,8352,170,15234
N800,cim,800,20,13,1,0,42,391,0.000146959,1.6291e-05,0.000128667,8352,170,15234
N800,cim,800,20,13,1,0,42,392,0.000139834,1.4333e-05,0.000123584,8352,170,15234
N800,cim,800,20,13,1,0,42,393,0.000139667,1.4334e-05,0.000123291,8352,170,15234
N800,cim,800,20,13,1,0,42,394,0.000140542,1.4375e-05,0.000124292,8352,170,15234
N800,cim,800,20,13,1,0,42,395,0.000139417,1.4333e-05,0.000123167,8352,170,15234
N800,cim,800,20,13,1,0,42,396,0.000139334,1.4417e-05,0.000123,8352,170,15234
N800,cim,800,20,13,1,0,42,397,0.0001395,1.4375e-05,0.000123166,8352,170,15234
N800,cim,800,20,13,1,0,42,398,0.000139875,1.4416e-05,0.000123584,8352,170,15234
N800,cim,800,20,13,1,0,42,399,0.000139542,1.4333e-05,0.00012325,8352,170,15234
N800,cim,800,20,13,1,0,42,400,0.000138875,1.4417e-05,0.0001225,8352,170,15234
N800,cim,800,20,13,1,0,42,401,0.000139167,1.4375e-05,0.000122875,8352,170,15234
N800,cim,800,20,13,1,0,42,402,0.000139459,1.4333e-05,0.00012325,8352,170,15234
N800,cim,800,20,13,1,0,42,403,0.000139333,1.4375e-05,0.000123,8352,170,15234
N800,cim,800,20,13,1,0,42,404,0.000139041,1.4375e-05,0.00012275,8352,170,15234
N800,cim,800,20,13,1,0,42,405,0.0001395,1.4333e-05,0.000123125,8352,170,15234
N800,cim,800,20,13,1,0,42,406,0.000139709,1.4417e-05,0.000123375,8352,170,15234
N800,cim,800,20,13,1,0,42,407,0.000156042,1.4542e-05,0.000139334,8352,170,15234
N800,cim,800,20,13,1,0,42,408,0.000157667,1.625e-05,0.00013925,8352,170,15234
N800,cim,800,20,13,1,0,42,409,0.000158083,1.6292e-05,0.0001395,8352,170,15234
N800,cim,800,20,13,1,0,42,410,0.000157875,1.6458e-05,0.000139292,8352,170,15234
N800,cim,800,20,13,1,0,42,411,0.000158417,1.625e-05,0.000139875,8352,170,15234
N800,cim,800,20,13,1,0,42,412,0.000158125,1.6292e-05,0.000139666,8352,170,15234
N800,cim,800,20,13,1,0,42,413,0.000158416,1.6291e-05,0.000139875,8352,170,15234
N800,cim,800,20,13,1,0,42,414,0.000157875,1.6291e-05,0.000139334,8352,170,15234
N800,cim,800,20,13,1,0,42,415,0.0001585,1.6292e-05,0.00014,8352,170,15234
N800,cim,800,20,13,1,0,42,416,0.000158208,1.6334e-05,0.000139667,8352,170,15234
N800,cim,800,20,13,1,0,42,417,0.000158458,1.625e-05,0.000140042,8352,170,15234
N800,cim,800,20,13,1,0,42,418,0.000158583,1.6292e-05,0.000140084,8352,170,15234
N800,cim,800,20,13,1,0,42,419,0.000159083,1.6208e-05,0.000140583,8352,170,15234
N800,cim,800,20,13,1,0,42,420,0.000158084,1.6333e-05,0.000139542,8352,170,15234
N800,cim,800,20,13,1,0,42,421,0.000158833,1.6292e-05,0.00014025,8352,170,15234
N800,cim,800,20,13,1,0,42,422,0.000158625,1.6417e-05,0.00014,8352,170,15234
N800,cim,800,20,13,1,0,42,423,0.000158041,1.6292e-05,0.000139541,8352,170,15234
N800,cim,800,20,13,1,0,42,424,0.000157125,1.6292e-05,0.000138666,8352,170,15234
N800,cim,800,20,13,1,0,42,425,0.000158083,1.6333e-05,0.000139542,8352,170,15234
N800,cim,800,20,13,1,0,42,426,0.000157917,1.6209e-05,0.0001395,8352,170,15234
N800,cim,800,20,13,1,0,42,427,0.000157833,1.625e-05,0.000139333,8352,170,15234
N800,cim,800,20,13,1,0,42,428,0.000157625,1.6375e-05,0.000139083,8352,170,15234
N800,cim,800,20,13,1,0,42,429,0.000158708,1.6291e-05,0.000140125,8352,170,15234
N800,cim,800,20,13,1,0,42,430,0.000157542,1.6458e-05,0.000138875,8352,170,15234
N800,cim,800,20,13,1,0,42,431,0.000157959,1.6292e-05,0.000139417,8352,170,15234
N800,cim,800,20,13,1,0,42,432,0.000158459,1.6458e-05,0.000139834,8352,170,15234
N800,cim,800,20,13,1,0,42,433,0.000140916,1.5083e-05,0.000123833,8352,170,15234
N800,cim,800,20,13,1,0,42,434,0.000140417,1.4542e-05,0.000123958,8352,170,15234
N800,cim,800,20,13,1,0,42,435,0.000141041,1.4584e-05,0.000124417,8352,170,15234
N800,cim,800,20,13,1,0,42,436,0.000141125,1.4667e-05,0.0001245,8352,170,15234
N800,cim,800,20,13,1,0,42,437,0.000140959,1.4458e-05,0.0001245,8352,170,15234
N800,cim,800,20,13,1,0,42,438,0.000140834,1.4542e-05,0.000124334,8352,170,15234
N800,cim,800,20,13,1,0,42,439,0.0001405,1.4416e-05,0.000124084,8352,170,15234
N800,cim,800,20,13,1,0,42,440,0.000140834,1.45e-05,0.000124417,8352,170,15234
N800,cim,800,20,13,1,0,42,441,0.000141167,1.4541e-05,0.000124625,8352,170,15234
N800,cim,800,20,13,1,0,42,442,0.000179292,1.45e-05,0.000162667,8352,170,15234
N800,cim,800,20,13,1,0,42,443,0.000142208,1.45e-05,0.000125625,8352,170,15234
N800,cim,800,20,13,1,0,42,444,0.000142,1.4458e-05,0.000125625,8352,170,15234
N800,cim,800,20,13,1,0,42,445,0.000141541,1.45e-05,0.000125,8352,170,15234
N800,cim,800,20,13,1,0,42,446,0.000143542,1.45e-05,0.000127,8352,170,15234
N800,cim,800,20,13,1,0,42,447,0.000158041,1.4458e-05,0.000141584,8352,170,15234
N800,cim,800,20,13,1,0,42,448,0.000167083,1.5375e-05,0.000149,8352,170,15234
N800,cim,800,20,13,1,0,42,449,0.000154458,1.5834e-05,0.0001365,8352,170,15234
N800,cim,800,20,13,1,0,42,450,0.000150584,1.45e-05,0.000134125,8352,170,15234
N800,cim,800,20,13,1,0,42,451,0.000133084,1.4417e-05,0.000116708,8352,170,15234
N800,cim,800,20,13,1,0,42,452,0.000132041,1.4292e-05,0.000115792,8352,170,15234
N800,cim,800,20,13,1,0,42,453,0.000131792,1.4333e-05,0.000115417,8352,170,15234
N800,cim,800,20,13,1,0,42,454,0.000130666,1.4209e-05,0.0001145,8352,170,15234
N800,cim,800,20,13,1,0,42,455,0.000130875,1.4291e-05,0.000114584,8352,170,15234
N800,cim,800,20,13,1,0,42,456,0.000145917,1.7375e-05,0.000126625,8352,170,15234
N800,cim,800,20,13,1,0,42,457,0.000130083,1.4333e-05,0.000113708,8352,170,15234
N800,cim,800,20,13,1,0,42,458,0.000129625,1.4292e-05,0.000113375,8352,170,15234
N800,cim,800,20,13,1,0,42,459,0.000130834,1.4375e-05,0.000114417,8352,170,15234
N800,cim,800,20,13,1,0,42,460,0.000130166,1.45e-05,0.000113667,8352,170,15234
N800,cim,800,20,13,1,0,42,461,0.000130291,1.4375e-05,0.000113917,8352,170,15234
N800,cim,800,20,13,1,0,42,462,0.000145084,1.4208e-05,0.000128917,8352,170,15234
N800,cim,800,20,13,1,0,42,463,0.000130083,1.4334e-05,0.000113709,8352,170,15234
N800,cim,800,20,13,1,0,42,464,0.000129959,1.4333e-05,0.000113709,8352,170,15234
N800,cim,800,20,13,1,0,42,465,0.00013,1.4334e-05,0.000113583,8352,170,15234
N800,cim,800,20,13,1,0,42,466,0.000129375,1.425e-05,0.000113166,8352,170,15234
N800,cim,800,20,13,1,0,42,467,0.00014575,1.4291e-05,0.000129334,8352,170,15234
N800,cim,800,20,13,1,0,42,468,0.00012975,1.4208e-05,0.000113584,8352,170,15234
N800,cim,800,20,13,1,0,42,469,0.000145542,1.425e-05,0.000129291,8352,170,15234
N800,cim,800,20,13,1,0,42,470,0.000129583,1.4166e-05,0.000113458,8352,170,15234
N800,cim,800,20,13,1,0,42,471,0.00013,1.4416e-05,0.0001135,8352,170,15234
N800,cim,800,20,13,1,0,42,472,0.000132709,1.7417e-05,0.000113334,8352,170,15234
N800,cim,800,20,13,1,0,42,473,0.000129959,1.4333e-05,0.000113583,8352,170,15234
N800,cim,800,20,13,1,0,42,474,0.000129792,1.4375e-05,0.000113417,8352,170,15234
N800,cim,800,20,13,1,0,42,475,0.000145083,1.4416e-05,0.000127875,8352,170,15234
N800,cim,800,20,13,1,0,42,476,0.000138834,1.4209e-05,0.000122541,8352,170,15234
N800,cim,800,20,13,1,0,42,477,0.00014075,1.6125e-05,0.000122584,8352,170,15234
N800,cim,800,20,13,1,0,42,478,0.000129333,1.4417e-05,0.000113,8352,170,15234
N800,cim,800,20,13,1,0,42,479,0.000129583,1.4208e-05,0.000113333,8352,170,15234
N800,cim,800,20,13,1,0,42,480,0.0001295,1.425e-05,0.000113333,8352,170,15234
N800,cim,800,20,13,1,0,42,481,0.000129667,1.4333e-05,0.000113333,8352,170,15234
N800,cim,800,20,13,1,0,42,482,0.000144959,1.4208e-05,0.00012875,8352,170,15234
N800,cim,800,20,13,1,0,42,483,0.000145416,1.4417e-05,0.000129,8352,170,15234
N800,cim,800,20,13,1,0,42,484,0.000128958,1.4208e-05,0.000112833,8352,170,15234
N800,cim,800,20,13,1,0,42,485,0.000129958,1.4542e-05,0.000113334,8352,170,15234
N800,cim,800,20,13,1,0,42,486,0.0001425,1.4333e-05,0.0001255,8352,170,15234
N800,cim,800,20,13,1,0,42,487,0.000130541,1.4625e-05,0.000113792,8352,170,15234
N800,cim,800,20,13,1,0,42,488,0.00012975,1.4292e-05,0.0001135,8352,170,15234
N800,cim,800,20,13,1,0,42,489,0.0001305,1.4375e-05,0.000114083,8352,170,15234
N800,cim,800,20,13,1,0,42,490,0.000129875,1.4417e-05,0.000113583,8352,170,15234
N800,cim,800,20,13,1,0,42,491,0.000129708,1.4292e-05,0.000113375,8352,170,15234
N800,cim,800,20,13,1,0,42,492,0.000129667,1.4208e-05,0.000113458,8352,170,15234
N800,cim,800,20,13,1,0,42,493,0.000129834,1.425e-05,0.000113583,8352,170,15234
N800,cim,800,20,13,1,0,42,494,0.000136917,1.4583e-05,0.00011975,8352,170,15234
N800,cim,800,20,13,1,0,42,495,0.0001325,1.6083e-05,0.000114333,8352,170,15234
N800,cim,800,20,13,1,0,42,496,0.000130166,1.4209e-05,0.000114,8352,170,15234
N800,cim,800,20,13,1,0,42,497,0.000132125,1.4375e-05,0.000114959,8352,170,15234
N800,cim,800,20,13,1,0,42,498,0.0001525,2e-05,0.00012975,8352,170,15234
N800,cim,800,20,13,1,0,42,499,0.000145417,1.5541e-05,0.000126959,8352,170,15234
N800,cim,800,20,13,1,0,42,500,0.000214958,2e-05,0.000192791,8352,170,15234
N800,cim,800,20,13,1,0,42,501,0.000189541,1.625e-05,0.000170666,8352,170,15234
N800,cim,800,20,13,1,0,42,502,0.000157417,1.5125e-05,0.000140291,8352,170,15234
N800,cim,800,20,13,1,0,42,503,0.000147416,1.45e-05,0.000130833,8352,170,15234
N800,cim,800,20,13,1,0,42,504,0.000140166,1.425e-05,0.000123875,8352,170,15234
N800,cim,800,20,13,1,0,42,505,0.000136291,1.4333e-05,0.000119959,8352,170,15234
N800,cim,800,20,13,1,0,42,506,0.000132458,1.4209e-05,0.000116292,8352,170,15234
N800,cim,800,20,13,1,0,42,507,0.000132167,1.4375e-05,0.00011575,8352,170,15234
N800,cim,800,20,13,1,0,42,508,0.000131167,1.4375e-05,0.000114916,8352,170,15234
N800,cim,800,20,13,1,0,42,509,0.000131459,1.4208e-05,0.00011525,8352,170,15234
N800,cim,800,20,13,1,0,42,510,0.000130042,1.4291e-05,0.000113834,8352,170,15234
N800,cim,800,20,13,1,0,42,511,0.000144541,1.425e-05,0.000127625,8352,170,15234
N800,cim,800,20,13,1,0,42,512,0.00013275,1.6459e-05,0.000114291,8352,170,15234
N800,cim,800,20,13,1,0,42,513,0.0001305,1.425e-05,0.000114334,8352,170,15234
N800,cim,800,20,13,1,0,42,514,0.000130375,1.4292e-05,0.000114166,8352,170,15234
N800,cim,800,20,13,1,0,42,515,0.000146166,1.4208e-05,0.000129917,8352,170,15234
N800,cim,800,20,13,1,0,42,516,0.000130375,1.4208e-05,0.000114292,8352,170,15234
N800,cim,800,20,13,1,0,42,517,0.000130417,1.4333e-05,0.000114083,8352,170,15234
N800,cim,800,20,13,1,0,42,518,0.0001305,1.425e-05,0.000114334,8352,170,15234
N800,cim,800,20,13,1,0,42,519,0.000131,1.4416e-05,0.000114584,8352,170,15234
N800,cim,800,20,13,1,0,42,520,0.000130292,1.4208e-05,0.000114167,8352,170,15234
N800,cim,800,20,13,1,0,42,521,0.000131208,1.425e-05,0.000114959,8352,170,15234
N800,cim,800,20,13,1,0,42,522,0.00013025,1.4208e-05,0.000114083,8352,170,15234
N800,cim,800,20,13,1,0,42,523,0.000130791,1.4042e-05,0.00011475,8352,170,15234
N800,cim,800,20,13,1,0,42,524,0.00014575,1.4209e-05,0.000129584,8352,170,15234
N800,cim,800,20,13,1,0,42,525,0.000131292,1.4292e-05,0.000115042,8352,170,15234
N800,cim,800,20,13,1,0,42,526,0.00012975,1.4042e-05,0.000113833,8352,170,15234
N800,cim,800,20,13,1,0,42,527,0.000138417,1.4292e-05,0.000121459,8352,170,15234
N800,cim,800,20,13,1,0,42,528,0.000138458,1.9542e-05,0.000116917,8352,170,15234
N800,cim,800,20,13,1,0,42,529,0.000143542,1.425e-05,0.000126583,8352,170,15234
N800,cim,800,20,13,1,0,42,530,0.000130166,1.475e-05,0.000113458,8352,170,15234
N800,cim,800,20,13,1,0,42,531,0.000130875,1.4125e-05,0.000114667,8352,170,15234
N800,cim,800,20,13,1,0,42,532,0.000129459,1.425e-05,0.000113292,8352,170,15234
N800,cim,800,20,13,1,0,42,533,0.000130375,1.425e-05,0.000114042,8352,170,15234
N800,cim,800,20,13,1,0,42,534,0.000145125,1.4167e-05,0.000129,8352,170,15234
N800,cim,800,20,13,1,0,42,535,0.000146167,1.4333e-05,0.000129833,8352,170,15234
N800,cim,800,20,13,1,0,42,536,0.000129583,1.425e-05,0.000113417,8352,170,15234
N800,cim,800,20,13,1,0,42,537,0.000130333,1.4167e-05,0.000114166,8352,170,15234
N800,cim,800,20,13,1,0,42,538,0.000129166,1.4209e-05,0.000113083,8352,170,15234
N800,cim,800,20,13,1,0,42,539,0.000130667,1.4333e-05,0.000114333,8352,170,15234
N800,cim,800,20,13,1,0,42,540,0.000129083,1.4167e-05,0.000113,8352,170,15234
N800,cim,800,20,13,1,0,42,541,0.000130209,1.4166e-05,0.000114042,8352,170,15234
N800,cim,800,20,13,1,0,42,542,0.000129542,1.4083e-05,0.000113584,8352,170,15234
N800,cim,800,20,13,1,0,42,543,0.000146375,1.425e-05,0.000130125,8352,170,15234
N800,cim,800,20,13,1,0,42,544,0.000130084,1.425e-05,0.000113875,8352,170,15234
N800,cim,800,20,13,1,0,42,545,0.000130333,1.4209e-05,0.000114084,8352,170,15234
N800,cim,800,20,13,1,0,42,546,0.000129292,1.4167e-05,0.000113166,8352,170,15234
N800,cim,800,20,13,1,0,42,547,0.000145959,1.4083e-05,0.000129958,8352,170,15234
N800,cim,800,20,13,1,0,42,548,0.000129833,1.4292e-05,0.000113625,8352,170,15234
N800,cim,800,20,13,1,0,42,549,0.000130375,1.4208e-05,0.000114167,8352,170,15234
N800,cim,800,20,13,1,0,42,550,0.000130208,1.4416e-05,0.000113875,8352,170,15234
N800,cim,800,20,13,1,0,42,551,0.00014675,1.4291e-05,0.000130375,8352,170,15234
N800,cim,800,20,13,1,0,42,552,0.000129917,1.4208e-05,0.000113708,8352,170,15234
N800,cim,800,20,13,1,0,42,553,0.000130792,1.4208e-05,0.000114667,8352,170,15234
N800,cim,800,20,13,1,0,42,554,0.00014475,1.4125e-05,0.000127959,8352,170,15234
N800,cim,800,20,13,1,0,42,555,0.0001355,1.4208e-05,0.000118583,8352,170,15234
N800,cim,800,20,13,1,0,42,556,0.00013825,1.9875e-05,0.000116416,8352,170,15234
N800,cim,800,20,13,1,0,42,557,0.000130708,1.4209e-05,0.0001145,8352,170,15234
N800,cim,800,20,13,1,0,42,558,0.000155834,1.975e-05,0.000133834,8352,170,15234
N800,cim,800,20,13,1,0,42,559,0.00013075,1.4958e-05,0.000113208,8352,170,15234
N800,cim,800,20,13,1,0,42,560,0.000153791,1.7167e-05,0.000133916,8352,170,15234
N800,cim,800,20,13,1,0,42,561,0.000153208,1.8708e-05,0.000132084,8352,170,15234
N800,cim,800,20,13,1,0,42,562,0.000136333,1.5e-05,0.000118625,8352,170,15234
N800,cim,800,20,13,1,0,42,563,0.000153709,2.0042e-05,0.000131458,8352,170,15234
N800,cim,800,20,13,1,0,42,564,0.0001305,1.4167e-05,0.000114334,8352,170,15234
N800,cim,800,20,13,1,0,42,565,0.000129333,1.4167e-05,0.000113084,8352,170,15234
N800,cim,800,20,13,1,0,42,566,0.000132417,1.425e-05,0.000116208,8352,170,15234
N800,cim,800,20,13,1,0,42,567,0.000144833,1.4209e-05,0.000128,8352,170,15234
N800,cim,800,20,13,1,0,42,568,0.000129666,1.425e-05,0.0001135,8352,170,15234
N800,cim,800,20,13,1,0,42,569,0.000129042,1.4292e-05,0.000112708,8352,170,15234
N800,cim,800,20,13,1,0,42,570,0.000144625,1.7709e-05,0.000124917,8352,170,15234
N800,cim,800,20,13,1,0,42,571,0.00012875,1.425e-05,0.0001125,8352,170,15234
N800,cim,800,20,13,1,0,42,572,0.0001285,1.4167e-05,0.000112333,8352,170,15234
N800,cim,800,20,13,1,0,42,573,0.000128959,1.4209e-05,0.000112625,8352,170,15234
N800,cim,800,20,13,1,0,42,574,0.00012925,1.425e-05,0.000113125,8352,170,15234
N800,cim,800,20,13,1,0,42,575,0.000128792,1.4167e-05,0.0001125,8352,170,15234
N800,cim,800,20,13,1,0,42,576,0.000129125,1.4292e-05,0.000112875,8352,170,15234
N800,cim,800,20,13,1,0,42,577,0.000129375,1.4375e-05,0.000112917,8352,170,15234
N800,cim,800,20,13,1,0,42,578,0.000129417,1.4125e-05,0.000113292,8352,170,15234
N800,cim,800,20,13,1,0,42,579,0.000129292,1.4167e-05,0.000113125,8352,170,15234
N800,cim,800,20,13,1,0,42,580,0.000129166,1.425e-05,0.000112959,8352,170,15234
N800,cim,800,20,13,1,0,42,581,0.000130292,1.4292e-05,0.000113542,8352,170,15234
N800,cim,800,20,13,1,0,42,582,0.000148208,1.5042e-05,0.000130958,8352,170,15234
N800,cim,800,20,13,1,0,42,583,0.000145208,1.6e-05,0.000127,8352,170,15234
N800,cim,800,20,13,1,0,42,584,0.00019575,1.5917e-05,0.000177041,8352,170,15234
N800,cim,800,20,13,1,0,42,585,0.000266,1.775e-05,0.000245625,8352,170,15234
N800,cim,800,20,13,1,0,42,586,0.0001945,1.8083e-05,0.000173833,8352,170,15234
N800,cim,800,20,13,1,0,42,587,0.00018625,1.7083e-05,0.000166708,8352,170,15234
N800,cim,800,20,13,1,0,42,588,0.000175208,1.675e-05,0.000156167,8352,170,15234
N800,cim,800,20,13,1,0,42,589,0.000170791,1.6625e-05,0.000152,8352,170,15234
N800,cim,800,20,13,1,0,42,590,0.000166458,1.65e-05,0.000147792,8352,170,15234
N800,cim,800,20,13,1,0,42,591,0.000164959,1.6333e-05,0.000146417,8352,170,15234
N800,cim,800,20,13,1,0,42,592,0.000145083,1.475e-05,0.000128375,8352,170,15234
N800,cim,800,20,13,1,0,42,593,0.000151458,1.4459e-05,0.000135,8352,170,15234
N800,cim,800,20,13,1,0,42,594,0.000160625,1.4542e-05,0.000144125,8352,170,15234
N800,cim,800,20,13,1,0,42,595,0.000143542,1.4542e-05,0.000127041,8352,170,15234
N800,cim,800,20,13,1,0,42,596,0.000139833,1.45e-05,0.000123375,8352,170,15234
N800,cim,800,20,13,1,0,42,597,0.0001535,1.4375e-05,0.000136958,8352,170,15234
N800,cim,800,20,13,1,0,42,598,0.000149,1.6292e-05,0.000130541,8352,170,15234
N800,cim,800,20,13,1,0,42,599,0.000149333,1.6166e-05,0.000130959,8352,170,15234
N800,cim,800,20,13,1,0,42,600,0.000138959,1.6791e-05,0.000120125,8352,170,15234
N800,cim,800,20,13,1,0,42,601,0.000131291,1.4417e-05,0.000114875,8352,170,15234
N800,cim,800,20,13,1,0,42,602,0.000146417,1.625e-05,0.000128125,8352,170,15234
N800,cim,800,20,13,1,0,42,603,0.000146625,1.4333e-05,0.000130375,8352,170,15234
N800,cim,800,20,13,1,0,42,604,0.000131334,1.4458e-05,0.000114917,8352,170,15234
N800,cim,800,20,13,1,0,42,605,0.000129916,1.4334e-05,0.000113666,8352,170,15234
N800,cim,800,20,13,1,0,42,606,0.000146041,1.45e-05,0.000129584,8352,170,15234
N800,cim,800,20,13,1,0,42,607,0.00013075,1.4334e-05,0.000114458,8352,170,15234
N800,cim,800,20,13,1,0,42,608,0.00013,1.4458e-05,0.000113583,8352,170,15234
N800,cim,800,20,13,1,0,42,609,0.000130458,1.4334e-05,0.000114166,8352,170,15234
N800,cim,800,20,13,1,0,42,610,0.0001455,1.4416e-05,0.000129209,8352,170,15234
N800,cim,800,20,13,1,0,42,611,0.000145958,1.4375e-05,0.000129709,8352,170,15234
N800,cim,800,20,13,1,0,42,612,0.000168,1.425e-05,0.000151417,8352,170,15234
N800,cim,800,20,13,1,0,42,613,0.00019825,1.6291e-05,0.000179667,8352,170,15234
N800,cim,800,20,13,1,0,42,614,0.000173,1.5625e-05,0.000155375,8352,170,15234
N800,cim,800,20,13,1,0,42,615,0.000165042,1.5083e-05,0.000148042,8352,170,15234
N800,cim,800,20,13,1,0,42,616,0.000159292,1.5e-05,0.000142333,8352,170,15234
N800,cim,800,20,13,1,0,42,617,0.00015625,1.4875e-05,0.0001395,8352,170,15234
N800,cim,800,20,13,1,0,42,618,0.000176709,1.5e-05,0.000159542,8352,170,15234
N800,cim,800,20,13,1,0,42,619,0.000168625,1.6791e-05,0.00014975,8352,170,15234
N800,cim,800,20,13,1,0,42,620,0.000154583,1.5083e-05,0.000137542,8352,170,15234
N800,cim,800,20,13,1,0,42,621,0.000155084,1.4958e-05,0.000138166,8352,170,15234
N800,cim,800,20,13,1,0,42,622,0.000185917,1.5166e-05,0.00016875,8352,170,15234
N800,cim,800,20,13,1,0,42,623,0.000178208,1.6e-05,0.000160208,8352,170,15234
N800,cim,800,20,13,1,0,42,624,0.000181209,1.5583e-05,0.000163625,8352,170,15234
N800,cim,800,20,13,1,0,42,625,0.000157083,1.4916e-05,0.000140167,8352,170,15234
N800,cim,800,20,13,1,0,42,626,0.000150375,1.4708e-05,0.00013375,8352,170,15234
N800,cim,800,20,13,1,0,42,627,0.000164083,1.475e-05,0.000147417,8352,170,15234
N800,cim,800,20,13,1,0,42,628,0.000146541,1.4667e-05,0.000129916,8352,170,15234
N800,cim,800,20,13,1,0,42,629,0.000148125,1.4666e-05,0.0001315,8352,170,15234
N800,cim,800,20,13,1,0,42,630,0.00014625,1.4667e-05,0.000129583,8352,170,15234
N800,cim,800,20,13,1,0,42,631,0.000160041,1.45e-05,0.000143583,8352,170,15234
N800,cim,800,20,13,1,0,42,632,0.000140375,1.4542e-05,0.000123917,8352,170,15234
N800,cim,800,20,13,1,0,42,633,0.000137541,1.4458e-05,0.000121084,8352,170,15234
N800,cim,800,20,13,1,0,42,634,0.000148958,1.4542e-05,0.000131833,8352,170,15234
N800,cim,800,20,13,1,0,42,635,0.000133417,1.4375e-05,0.000117083,8352,170,15234
N800,cim,800,20,13,1,0,42,636,0.000131625,1.4375e-05,0.000115208,8352,170,15234
N800,cim,800,20,13,1,0,42,637,0.000131916,1.4458e-05,0.000115459,8352,170,15234
N800,cim,800,20,13,1,0,42,638,0.000133625,1.4458e-05,0.000116583,8352,170,15234
N800,cim,800,20,13,1,0,42,639,0.000140333,2.0125e-05,0.000118125,8352,170,15234
N800,cim,800,20,13,1,0,42,640,0.000130959,1.4708e-05,0.000114334,8352,170,15234
N800,cim,800,20,13,1,0,42,641,0.000131208,1.4583e-05,0.000114708,8352,170,15234
N800,cim,800,20,13,1,0,42,642,0.000146042,1.4334e-05,0.000129708,8352,170,15234
N800,cim,800,20,13,1,0,42,643,0.000152834,1.4417e-05,0.000135833,8352,170,15234
N800,cim,800,20,13,1,0,42,644,0.000136416,2.0084e-05,0.000114291,8352,170,15234
N800,cim,800,20,13,1,0,42,645,0.000131917,1.4416e-05,0.000114875,8352,170,15234
N800,cim,800,20,13,1,0,42,646,0.000142375,2.0166e-05,0.000120167,8352,170,15234
N800,cim,800,20,13,1,0,42,647,0.000139292,1.4334e-05,0.00012225,8352,170,15234
N800,cim,800,20,13,1,0,42,648,0.000134458,1.8833e-05,0.000113625,8352,170,15234
N800,cim,800,20,13,1,0,42,649,0.000130209,1.4333e-05,0.000113875,8352,170,15234
N800,cim,800,20,13,1,0,42,650,0.00012975,1.4458e-05,0.000113334,8352,170,15234
N800,cim,800,20,13,1,0,42,651,0.000146125,1.675e-05,0.000127416,8352,170,15234
N800,cim,800,20,13,1,0,42,652,0.000129666,1.4375e-05,0.00011325,8352,170,15234
N800,cim,800,20,13,1,0,42,653,0.000146167,1.5125e-05,0.000129042,8352,170,15234
N800,cim,800,20,13,1,0,42,654,0.000129958,1.4375e-05,0.000113625,8352,170,15234
N800,cim,800,20,13,1,0,42,655,0.000130292,1.4334e-05,0.000114,8352,170,15234
N800,cim,800,20,13,1,0,42,656,0.000130209,1.4375e-05,0.000113875,8352,170,15234
N800,cim,800,20,13,1,0,42,657,0.000130292,1.4292e-05,0.000114083,8352,170,15234
N800,cim,800,20,13,1,0,42,658,0.000129625,1.4375e-05,0.00011325,8352,170,15234
N800,cim,800,20,13,1,0,42,659,0.0001305,1.4334e-05,0.000114167,8352,170,15234
N800,cim,800,20,13,1,0,42,660,0.000130125,1.4417e-05,0.000113709,8352,170,15234
N800,cim,800,20,13,1,0,42,661,0.000131041,1.4458e-05,0.000114625,8352,170,15234
N800,cim,800,20,13,1,0,42,662,0.000129792,1.4417e-05,0.000113417,8352,170,15234
N800,cim,800,20,13,1,0,42,663,0.00013075,1.4375e-05,0.000114375,8352,170,15234
N800,cim,800,20,13,1,0,42,664,0.000129833,1.4458e-05,0.000113375,8352,170,15234
N800,cim,800,20,13,1,0,42,665,0.000130125,1.4292e-05,0.000113916,8352,170,15234
N800,cim,800,20,13,1,0,42,666,0.000152417,1.8375e-05,0.000131375,8352,170,15234
N800,cim,800,20,13,1,0,42,667,0.00021475,1.625e-05,0.000196459,8352,170,15234
N800,cim,800,20,13,1,0,42,668,0.00017425,1.6125e-05,0.000155708,8352,170,15234
N800,cim,800,20,13,1,0,42,669,0.000160125,1.5584e-05,0.000142458,8352,170,15234
N800,cim,800,20,13,1,0,42,670,0.0001595,1.475e-05,0.000142375,8352,170,15234
N800,cim,800,20,13,1,0,42,671,0.000143125,1.4833e-05,0.000126334,8352,170,15234
N800,cim,800,20,13,1,0,42,672,0.000143875,1.4417e-05,0.000126833,8352,170,15234
N800,cim,800,20,13,1,0,42,673,0.000157917,1.9833e-05,0.000136084,8352,170,15234
N800,cim,800,20,13,1,0,42,674,0.000146542,1.425e-05,0.000130333,8352,170,15234
N800,cim,800,20,13,1,0,42,675,0.000148375,1.4208e-05,0.000131625,8352,170,15234
N800,cim,800,20,13,1,0,42,676,0.000132791,1.4209e-05,0.000116625,8352,170,15234
N800,cim,800,20,13,1,0,42,677,0.000149375,1.425e-05,0.000133125,8352,170,15234
N800,cim,800,20,13,1,0,42,678,0.000151166,1.4375e-05,0.000134791,8352,170,15234
N800,cim,800,20,13,1,0,42,679,0.000136209,1.4458e-05,0.000119792,8352,170,15234
N800,cim,800,20,13,1,0,42,680,0.00013325,1.4291e-05,0.000117,8352,170,15234
N800,cim,800,20,13,1,0,42,681,0.000135458,1.4209e-05,0.000119291,8352,170,15234
N800,cim,800,20,13,1,0,42,682,0.000140333,1.4542e-05,0.000123833,8352,170,15234
N800,cim,800,20,13,1,0,42,683,0.000135958,1.4292e-05,0.00011975,8352,170,15234
N800,cim,800,20,13,1,0,42,684,0.000147958,1.4167e-05,0.000131833,8352,170,15234
N800,cim,800,20,13,1,0,42,685,0.000132459,1.4333e-05,0.000116208,8352,170,15234
N800,cim,800,20,13,1,0,42,686,0.000132083,1.4375e-05,0.00011575,8352,170,15234
N800,cim,800,20,13,1,0,42,687,0.000132125,1.425e-05,0.000115875,8352,170,15234
N800,cim,800,20,13,1,0,42,688,0.000132917,1.4375e-05,0.000116542,8352,170,15234
N800,cim,800,20,13,1,0,42,689,0.000161584,1.4167e-05,0.000145458,8352,170,15234
N800,cim,800,20,13,1,0,42,690,0.000134292,1.4875e-05,0.00011725,8352,170,15234
N800,cim,800,20,13,1,0,42,691,0.000131166,1.4584e-05,0.000114625,8352,170,15234
N800,cim,800,20,13,1,0,42,692,0.0001305,1.4542e-05,0.000113958,8352,170,15234
N800,cim,800,20,13,1,0,42,693,0.000130541,1.4458e-05,0.000114125,8352,170,15234
N800,cim,800,20,13,1,0,42,694,0.00013,1.4417e-05,0.000113625,8352,170,15234
N800,cim,800,20,13,1,0,42,695,0.000131416,1.4292e-05,0.000115,8352,170,15234
N800,cim,800,20,13,1,0,42,696,0.000130708,1.4375e-05,0.000114333,8352,170,15234
N800,cim,800,20,13,1,0,42,697,0.000135542,1.4291e-05,0.000118542,8352,170,15234
N800,cim,800,20,13,1,0,42,698,0.000139833,1.9958e-05,0.000117875,8352,170,15234
N800,cim,800,20,13,1,0,42,699,0.000131167,1.4417e-05,0.000114833,8352,170,15234
N800,cim,800,20,13,1,0,42,700,0.000130208,1.4291e-05,0.000113958,8352,170,15234
N800,cim,800,20,13,1,0,42,701,0.000144708,2.025e-05,0.000122375,8352,170,15234
N800,cim,800,20,13,1,0,42,702,0.000130042,1.4458e-05,0.000113625,8352,170,15234
N800,cim,800,20,13,1,0,42,703,0.000130667,1.4334e-05,0.000114334,8352,170,15234
N800,cim,800,20,13,1,0,42,704,0.00014625,1.45e-05,0.00012975,8352,170,15234
N800,cim,800,20,13,1,0,42,705,0.000130791,1.4292e-05,0.000114583,8352,170,15234
N800,cim,800,20,13,1,0,42,706,0.000129916,1.4375e-05,0.000113583,8352,170,15234
N800,cim,800,20,13,1,0,42,707,0.000130958,1.4375e-05,0.000114625,8352,170,15234
N800,cim,800,20,13,1,0,42,708,0.000145417,1.4458e-05,0.000129083,8352,170,15234
N800,cim,800,20,13,1,0,42,709,0.000130667,1.4417e-05,0.000114292,8352,170,15234
N800,cim,800,20,13,1,0,42,710,0.000145875,1.4458e-05,0.000129417,8352,170,15234
N800,cim,800,20,13,1,0,42,711,0.000131459,1.4333e-05,0.000115208,8352,170,15234
N800,cim,800,20,13,1,0,42,712,0.000152125,1.4417e-05,0.000134958,8352,170,15234
N800,cim,800,20,13,1,0,42,713,0.000139333,2.0083e-05,0.000117375,8352,170,15234
N800,cim,800,20,13,1,0,42,714,0.000129583,1.4375e-05,0.000113292,8352,170,15234
N800,cim,800,20,13,1,0,42,715,0.000131333,1.45e-05,0.000114875,8352,170,15234
N800,cim,800,20,13,1,0,42,716,0.000129042,1.4458e-05,0.000112667,8352,170,15234
N800,cim,800,20,13,1,0,42,717,0.000129166,1.4209e-05,0.000113041,8352,170,15234
N800,cim,800,20,13,1,0,42,718,0.000129542,1.4292e-05,0.000113292,8352,170,15234
N800,cim,800,20,13,1,0,42,719,0.0001295,1.4292e-05,0.000113333,8352,170,15234
N800,cim,800,20,13,1,0,42,720,0.000129042,1.4209e-05,0.000112834,8352,170,15234
N800,cim,800,20,13,1,0,42,721,0.000130375,1.425e-05,0.000114166,8352,170,15234
N800,cim,800,20,13,1,0,42,722,0.000129791,1.4209e-05,0.000113666,8352,170,15234
N800,cim,800,20,13,1,0,42,723,0.000135667,1.4333e-05,0.000118708,8352,170,15234
N800,cim,800,20,13,1,0,42,724,0.000177208,1.7417e-05,0.000157625,8352,170,15234
N800,cim,800,20,13,1,0,42,725,0.000155583,1.5666e-05,0.000137834,8352,170,15234
N800,cim,800,20,13,1,0,42,726,0.000147208,1.4959e-05,0.000130375,8352,170,15234
N800,cim,800,20,13,1,0,42,727,0.000142792,1.45e-05,0.000126375,8352,170,15234
N800,cim,800,20,13,1,0,42,728,0.00013925,1.4542e-05,0.000122791,8352,170,15234
N800,cim,800,20,13,1,0,42,729,0.000137958,1.4209e-05,0.000121875,8352,170,15234
N800,cim,800,20,13,1,0,42,730,0.000136584,1.4292e-05,0.000120375,8352,170,15234
N800,cim,800,20,13,1,0,42,731,0.000137084,1.4375e-05,0.000120833,8352,170,15234
N800,cim,800,20,13,1,0,42,732,0.00013625,1.4291e-05,0.000120084,8352,170,15234
N800,cim,800,20,13,1,0,42,733,0.00013625,1.425e-05,0.000120083,8352,170,15234
N800,cim,800,20,13,1,0,42,734,0.000136084,1.4291e-05,0.000119917,8352,170,15234
N800,cim,800,20,13,1,0,42,735,0.000136541,1.4417e-05,0.00012025,8352,170,15234
N800,cim,800,20,13,1,0,42,736,0.000135584,1.4375e-05,0.00011925,8352,170,15234
N800,cim,800,20,13,1,0,42,737,0.000135584,1.4208e-05,0.000119458,8352,170,15234
N800,cim,800,20,13,1,0,42,738,0.000135125,1.4333e-05,0.000118917,8352,170,15234
N800,cim,800,20,13,1,0,42,739,0.000139291,1.4375e-05,0.000123084,8352,170,15234
N800,cim,800,20,13,1,0,42,740,0.000140292,1.425e-05,0.000124167,8352,170,15234
N800,cim,800,20,13,1,0,42,741,0.00013875,1.4333e-05,0.000122584,8352,170,15234
N800,cim,800,20,13,1,0,42,742,0.000135459,1.4583e-05,0.000119,8352,170,15234
N800,cim,800,20,13,1,0,42,743,0.000139166,1.7292e-05,0.00012,8352,170,15234
N800,cim,800,20,13,1,0,42,744,0.000135542,1.4417e-05,0.00011925,8352,170,15234
N800,cim,800,20,13,1,0,42,745,0.000138792,1.425e-05,0.000122625,8352,170,15234
N800,cim,800,20,13,1,0,42,746,0.000135125,1.4334e-05,0.000118917,8352,170,15234
N800,cim,800,20,13,1,0,42,747,0.000136125,1.4333e-05,0.000119917,8352,170,15234
N800,cim,800,20,13,1,0,42,748,0.000159375,1.4291e-05,0.0001425,8352,170,15234
N800,cim,800,20,13,1,0,42,749,0.000164041,2.0208e-05,0.000141917,8352,170,15234
N800,cim,800,20,13,1,0,42,750,0.000152792,1.4541e-05,0.000136334,8352,170,15234
N800,cim,800,20,13,1,0,42,751,0.000167417,1.4375e-05,0.000150834,8352,170,15234
N800,cim,800,20,13,1,0,42,752,0.000154041,1.625e-05,0.000135625,8352,170,15234
N800,cim,800,20,13,1,0,42,753,0.0001545,1.6125e-05,0.00013625,8352,170,15234
N800,cim,800,20,13,1,0,42,754,0.000153958,1.625e-05,0.000135625,8352,170,15234
N800,cim,800,20,13,1,0,42,755,0.000155042,1.6334e-05,0.0001365,8352,170,15234
N800,cim,800,20,13,1,0,42,756,0.000154208,1.6292e-05,0.000135791,8352,170,15234
N800,cim,800,20,13,1,0,42,757,0.000156667,1.625e-05,0.00013825,8352,170,15234
N800,cim,800,20,13,1,0,42,758,0.00015475,1.6292e-05,0.000136334,8352,170,15234
N800,cim,800,20,13,1,0,42,759,0.000154916,1.6708e-05,0.000136,8352,170,15234
N800,cim,800,20,13,1,0,42,760,0.000153958,1.6333e-05,0.0001355,8352,170,15234
N800,cim,800,20,13,1,0,42,761,0.000153917,1.6166e-05,0.000135667,8352,170,15234
N800,cim,800,20,13,1,0,42,762,0.00015425,1.6166e-05,0.000135834,8352,170,15234
N800,cim,800,20,13,1,0,42,763,0.00015475,1.6375e-05,0.00013625,8352,170,15234
N800,cim,800,20,13,1,0,42,764,0.000153583,1.6333e-05,0.000135125,8352,170,15234
N800,cim,800,20,13,1,0,42,765,0.000153958,1.625e-05,0.000135583,8352,170,15234
N800,cim,800,20,13,1,0,42,766,0.000154125,1.6375e-05,0.000135666,8352,170,15234
N800,cim,800,20,13,1,0,42,767,0.000164916,1.6292e-05,0.000146,8352,170,15234
N800,cim,800,20,13,1,0,42,768,0.000137166,1.4459e-05,0.000120792,8352,170,15234
N800,cim,800,20,13,1,0,42,769,0.000148292,1.4458e-05,0.00013175,8352,170,15234
N800,cim,800,20,13,1,0,42,770,0.000153875,1.625e-05,0.000135458,8352,170,15234
N800,cim,800,20,13,1,0,42,771,0.000153125,1.6459e-05,0.00013475,8352,170,15234
N800,cim,800,20,13,1,0,42,772,0.000136584,1.4417e-05,0.00012025,8352,170,15234
N800,cim,800,20,13,1,0,42,773,0.000137167,1.4458e-05,0.000120833,8352,170,15234
N800,cim,800,20,13,1,0,42,774,0.000152958,1.4459e-05,0.000136625,8352,170,15234
N800,cim,800,20,13,1,0,42,775,0.000140791,1.4459e-05,0.000123833,8352,170,15234
N800,cim,800,20,13,1,0,42,776,0.000156208,1.8e-05,0.000136083,8352,170,15234
N800,cim,800,20,13,1,0,42,777,0.000149917,1.6167e-05,0.000131167,8352,170,15234
N800,cim,800,20,13,1,0,42,778,0.000149375,1.6167e-05,0.000131291,8352,170,15234
N800,cim,800,20,13,1,0,42,779,0.000147375,1.475e-05,0.000130541,8352,170,15234
N800,cim,800,20,13,1,0,42,780,0.000146125,1.975e-05,0.000124458,8352,170,15234
N800,cim,800,20,13,1,0,42,781,0.000130625,1.4375e-05,0.000114292,8352,170,15234
N800,cim,800,20,13,1,0,42,782,0.000130708,1.4375e-05,0.000114333,8352,170,15234
N800,cim,800,20,13,1,0,42,783,0.000130625,1.4375e-05,0.000114375,8352,170,15234
N800,cim,800,20,13,1,0,42,784,0.000142625,1.4458e-05,0.000126,8352,170,15234
N800,cim,800,20,13,1,0,42,785,0.000157958,1.725e-05,0.000138083,8352,170,15234
N800,cim,800,20,13,1,0,42,786,0.000160083,1.6292e-05,0.000141166,8352,170,15234
N800,cim,800,20,13,1,0,42,787,0.000140917,1.8083e-05,0.000120917,8352,170,15234
N800,cim,800,20,13,1,0,42,788,0.00013725,1.4542e-05,0.000120834,8352,170,15234
N800,cim,800,20,13,1,0,42,789,0.000137333,1.4459e-05,0.000120958,8352,170,15234
N800,cim,800,20,13,1,0,42,790,0.000137833,1.4584e-05,0.000121,8352,170,15234
N800,cim,800,20,13,1,0,42,791,0.000149666,2.0209e-05,0.000127458,8352,170,15234
N800,cim,800,20,13,1,0,42,792,0.000137375,1.4542e-05,0.000120875,8352,170,15234
N800,cim,800,20,13,1,0,42,793,0.000136667,1.4541e-05,0.000120292,8352,170,15234
N800,cim,800,20,13,1,0,42,794,0.000137167,1.45e-05,0.000120709,8352,170,15234
N800,cim,800,20,13,1,0,42,795,0.00013675,1.4542e-05,0.000120333,8352,170,15234
N800,cim,800,20,13,1,0,42,796,0.000137167,1.45e-05,0.00012075,8352,170,15234
N800,cim,800,20,13,1,0,42,797,0.000136625,1.4542e-05,0.000120208,8352,170,15234
N800,cim,800,20,13,1,0,42,798,0.000137583,1.4583e-05,0.000121125,8352,170,15234
N800,cim,800,20,13,1,0,42,799,0.000136833,1.4542e-05,0.000120375,8352,170,15234
N800,cim,800,20,13,1,0,42,800,0.000136916,1.45e-05,0.000120458,8352,170,15234
N800,cim,800,20,13,1,0,42,801,0.000136584,1.4458e-05,0.00012025,8352,170,15234
N800,cim,800,20,13,1,0,42,802,0.000136625,1.4458e-05,0.00012025,8352,170,15234
N800,cim,800,20,13,1,0,42,803,0.0001365,1.4458e-05,0.000120209,8352,170,15234
N800,cim,800,20,13,1,0,42,804,0.000137542,1.4417e-05,0.000121166,8352,170,15234
N800,cim,800,20,13,1,0,42,805,0.000151875,1.45e-05,0.000135125,8352,170,15234
N800,cim,800,20,13,1,0,42,806,0.0001365,1.4625e-05,0.000120041,8352,170,15234
N800,cim,800,20,13,1,0,42,807,0.0001365,1.45e-05,0.000120042,8352,170,15234
N800,cim,800,20,13,1,0,42,808,0.000137292,1.4583e-05,0.00012075,8352,170,15234
N800,cim,800,20,13,1,0,42,809,0.000136625,1.45e-05,0.00012025,8352,170,15234
N800,cim,800,20,13,1,0,42,810,0.000137791,1.4583e-05,0.00012125,8352,170,15234
N800,cim,800,20,13,1,0,42,811,0.000151958,1.4625e-05,0.000135458,8352,170,15234
N800,cim,800,20,13,1,0,42,812,0.000137,1.4583e-05,0.0001205,8352,170,15234
N800,cim,800,20,13,1,0,42,813,0.000153958,1.4459e-05,0.000137625,8352,170,15234
N800,cim,800,20,13,1,0,42,814,0.000137958,1.4541e-05,0.000120875,8352,170,15234
N800,cim,800,20,13,1,0,42,815,0.000148958,2.025e-05,0.000126792,8352,170,15234
N800,cim,800,20,13,1,0,42,816,0.000137417,1.45e-05,0.000120959,8352,170,15234
N800,cim,800,20,13,1,0,42,817,0.000136333,1.4375e-05,0.000120084,8352,170,15234
N800,cim,800,20,13,1,0,42,818,0.000137208,1.45e-05,0.000120833,8352,170,15234
N800,cim,800,20,13,1,0,42,819,0.000152166,1.4542e-05,0.000135708,8352,170,15234
N800,cim,800,20,13,1,0,42,820,0.0001465,1.4541e-05,0.000129292,8352,170,15234
N800,cim,800,20,13,1,0,42,821,0.00014175,1.9917e-05,0.000119833,8352,170,15234
N800,cim,800,20,13,1,0,42,822,0.000137,1.4584e-05,0.0001205,8352,170,15234
N800,cim,800,20,13,1,0,42,823,0.000136458,1.4417e-05,0.000120125,8352,170,15234
N800,cim,800,20,13,1,0,42,824,0.000136417,1.4458e-05,0.00012,8352,170,15234
N800,cim,800,20,13,1,0,42,825,0.000136208,1.4333e-05,0.000119959,8352,170,15234
N800,cim,800,20,13,1,0,42,826,0.000137208,1.4458e-05,0.000120791,8352,170,15234
N800,cim,800,20,13,1,0,42,827,0.000136833,1.4417e-05,0.000120458,8352,170,15234
N800,cim,800,20,13,1,0,42,828,0.000137167,1.4541e-05,0.00012075,8352,170,15234
N800,cim,800,20,13,1,0,42,829,0.000136625,1.4541e-05,0.00012025,8352,170,15234
N800,cim,800,20,13,1,0,42,830,0.000137041,1.4542e-05,0.0001205,8352,170,15234
N800,cim,800,20,13,1,0,42,831,0.000136083,1.45e-05,0.000119667,8352,170,15234
N800,cim,800,20,13,1,0,42,832,0.000151833,1.4542e-05,0.000135167,8352,170,15234
N800,cim,800,20,13,1,0,42,833,0.000152708,1.6208e-05,0.000134375,8352,170,15234
N800,cim,800,20,13,1,0,42,834,0.000137041,1.4625e-05,0.0001205,8352,170,15234
N800,cim,800,20,13,1,0,42,835,0.000136709,1.45e-05,0.000120333,8352,170,15234
N800,cim,800,20,13,1,0,42,836,0.000136875,1.4417e-05,0.000120542,8352,170,15234
N800,cim,800,20,13,1,0,42,837,0.000136416,1.4542e-05,0.000119917,8352,170,15234
N800,cim,800,20,13,1,0,42,838,0.000137041,1.45e-05,0.000120625,8352,170,15234
N800,cim,800,20,13,1,0,42,839,0.000136583,1.4375e-05,0.000120334,8352,170,15234
N800,cim,800,20,13,1,0,42,840,0.000136625,1.4625e-05,0.000120083,8352,170,15234
N800,cim,800,20,13,1,0,42,841,0.000136125,1.4375e-05,0.000119916,8352,170,15234
N800,cim,800,20,13,1,0,42,842,0.000136833,1.4542e-05,0.000120375,8352,170,15234
N800,cim,800,20,13,1,0,42,843,0.000136708,1.4417e-05,0.000120333,8352,170,15234
N800,cim,800,20,13,1,0,42,844,0.000137083,1.4459e-05,0.00012075,8352,170,15234
N800,cim,800,20,13,1,0,42,845,0.000136708,1.4584e-05,0.00012025,8352,170,15234
N800,cim,800,20,13,1,0,42,846,0.000139416,1.4583e-05,0.000122959,8352,170,15234
N800,cim,800,20,13,1,0,42,847,0.000136666,1.4459e-05,0.000120333,8352,170,15234
N800,cim,800,20,13,1,0,42,848,0.000137041,1.45e-05,0.000120667,8352,170,15234
N800,cim,800,20,13,1,0,42,849,0.000136791,1.4584e-05,0.000120375,8352,170,15234
N800,cim,800,20,13,1,0,42,850,0.000137084,1.4458e-05,0.000120708,8352,170,15234
N800,cim,800,20,13,1,0,42,851,0.000136917,1.45e-05,0.000120541,8352,170,15234
N800,cim,800,20,13,1,0,42,852,0.000137,1.45e-05,0.000120625,8352,170,15234
N800,cim,800,20,13,1,0,42,853,0.000136667,1.4542e-05,0.00012025,8352,170,15234
N800,cim,800,20,13,1,0,42,854,0.000137417,1.4583e-05,0.000120875,8352,170,15234
N800,cim,800,20,13,1,0,42,855,0.000137375,1.4584e-05,0.000120791,8352,170,15234
N800,cim,800,20,13,1,0,42,856,0.000137417,1.45e-05,0.000120958,8352,170,15234
N800,cim,800,20,13,1,0,42,857,0.000136666,1.4417e-05,0.000120375,8352,170,15234
N800,cim,800,20,13,1,0,42,858,0.000137458,1.4459e-05,0.000121125,8352,170,15234
N800,cim,800,20,13,1,0,42,859,0.000136458,1.4459e-05,0.000120084,8352,170,15234
N800,cim,800,20,13,1,0,42,860,0.000137417,1.4458e-05,0.000121084,8352,170,15234
N800,cim,800,20,13,1,0,42,861,0.000136958,1.4584e-05,0.000120292,8352,170,15234
N800,cim,800,20,13,1,0,42,862,0.000137125,1.4583e-05,0.000120583,8352,170,15234
N800,cim,800,20,13,1,0,42,863,0.000155625,1.4625e-05,0.000138875,8352,170,15234
N800,cim,800,20,13,1,0,42,864,0.000171625,1.6333e-05,0.00015275,8352,170,15234
N800,cim,800,20,13,1,0,42,865,0.0001875,1.7958e-05,0.000167416,8352,170,15234
N800,cim,800,20,13,1,0,42,866,0.000168333,1.5416e-05,0.000150833,8352,170,15234
N800,cim,800,20,13,1,0,42,867,0.000163,1.5041e-05,0.00014525,8352,170,15234
N800,cim,800,20,13,1,0,42,868,0.000163166,2.0458e-05,0.000140625,8352,170,15234
N800,cim,800,20,13,1,0,42,869,0.000149333,1.4417e-05,0.000132834,8352,170,15234
N800,cim,800,20,13,1,0,42,870,0.000166791,1.4417e-05,0.000150125,8352,170,15234
N800,cim,800,20,13,1,0,42,871,0.000166583,1.6333e-05,0.000148,8352,170,15234
N800,cim,800,20,13,1,0,42,872,0.000164875,1.6334e-05,0.00014625,8352,170,15234
N800,cim,800,20,13,1,0,42,873,0.000162958,1.6083e-05,0.000144709,8352,170,15234
N800,cim,800,20,13,1,0,42,874,0.000157416,1.6208e-05,0.000138833,8352,170,15234
N800,cim,800,20,13,1,0,42,875,0.000153417,1.6e-05,0.000135167,8352,170,15234
N800,cim,800,20,13,1,0,42,876,0.0001495,1.6167e-05,0.000131083,8352,170,15234
N800,cim,800,20,13,1,0,42,877,0.000149875,1.6625e-05,0.000131084,8352,170,15234
N800,cim,800,20,13,1,0,42,878,0.000147,1.6e-05,0.000128791,8352,170,15234
N800,cim,800,20,13,1,0,42,879,0.000146542,1.5875e-05,0.000128458,8352,170,15234
N800,cim,800,20,13,1,0,42,880,0.000145709,1.6e-05,0.0001275,8352,170,15234
N800,cim,800,20,13,1,0,42,881,0.000140292,1.5834e-05,0.000122458,8352,170,15234
N800,cim,800,20,13,1,0,42,882,0.000129042,1.4375e-05,0.000112625,8352,170,15234
N800,cim,800,20,13,1,0,42,883,0.000129458,1.4167e-05,0.000113292,8352,170,15234
N800,cim,800,20,13,1,0,42,884,0.000128542,1.425e-05,0.000112375,8352,170,15234
N800,cim,800,20,13,1,0,42,885,0.00012825,1.4292e-05,0.000111917,8352,170,15234
N800,cim,800,20,13,1,0,42,886,0.000129583,1.4375e-05,0.000113167,8352,170,15234
N800,cim,800,20,13,1,0,42,887,0.000129875,1.425e-05,0.000113542,8352,170,15234
N800,cim,800,20,13,1,0,42,888,0.000128917,1.4292e-05,0.000112667,8352,170,15234
N800,cim,800,20,13,1,0,42,889,0.000128583,1.4125e-05,0.000112416,8352,170,15234
N800,cim,800,20,13,1,0,42,890,0.0001455,1.9916e-05,0.0001235,8352,170,15234
N800,cim,800,20,13,1,0,42,891,0.000128583,1.4292e-05,0.000112333,8352,170,15234
N800,cim,800,20,13,1,0,42,892,0.000128375,1.4208e-05,0.000112167,8352,170,15234
N800,cim,800,20,13,1,0,42,893,0.000128417,1.4208e-05,0.000112125,8352,170,15234
N800,cim,800,20,13,1,0,42,894,0.000128458,1.4417e-05,0.000112083,8352,170,15234
N800,cim,800,20,13,1,0,42,895,0.000128541,1.4167e-05,0.000112417,8352,170,15234
N800,cim,800,20,13,1,0,42,896,0.000129041,1.4417e-05,0.000112792,8352,170,15234
N800,cim,800,20,13,1,0,42,897,0.000128292,1.4208e-05,0.000112167,8352,170,15234
N800,cim,800,20,13,1,0,42,898,0.000128333,1.4291e-05,0.00011175,8352,170,15234
N800,cim,800,20,13,1,0,42,899,0.00014125,1.9917e-05,0.000119292,8352,170,15234
N800,cim,800,20,13,1,0,42,900,0.000128334,1.4166e-05,0.000112167,8352,170,15234
N800,cim,800,20,13,1,0,42,901,0.000128292,1.425e-05,0.000112166,8352,170,15234
N800,cim,800,20,13,1,0,42,902,0.0001285,1.4292e-05,0.00011225,8352,170,15234
N800,cim,800,20,13,1,0,42,903,0.000128,1.425e-05,0.000111875,8352,170,15234
N800,cim,800,20,13,1,0,42,904,0.000128208,1.4292e-05,0.000111917,8352,170,15234
N800,cim,800,20,13,1,0,42,905,0.0001495,1.8125e-05,0.000129209,8352,170,15234
N800,cim,800,20,13,1,0,42,906,0.000143916,1.5958e-05,0.00012575,8352,170,15234
N800,cim,800,20,13,1,0,42,907,0.000128625,1.4334e-05,0.000112334,8352,170,15234
N800,cim,800,20,13,1,0,42,908,0.000128542,1.4333e-05,0.00011225,8352,170,15234
N800,cim,800,20,13,1,0,42,909,0.000128,1.4083e-05,0.000111959,8352,170,15234
N800,cim,800,20,13,1,0,42,910,0.0001285,1.4125e-05,0.000112292,8352,170,15234
N800,cim,800,20,13,1,0,42,911,0.0001285,1.4125e-05,0.000112459,8352,170,15234
N800,cim,800,20,13,1,0,42,912,0.0001285,1.4209e-05,0.000112291,8352,170,15234
N800,cim,800,20,13,1,0,42,913,0.000128,1.4083e-05,0.000112042,8352,170,15234
N800,cim,800,20,13,1,0,42,914,0.000147709,1.4166e-05,0.000131292,8352,170,15234
N800,cim,800,20,13,1,0,42,915,0.000144541,1.6208e-05,0.000126125,8352,170,15234
N800,cim,800,20,13,1,0,42,916,0.000144916,1.5958e-05,0.00012675,8352,170,15234
N800,cim,800,20,13,1,0,42,917,0.0001455,1.6e-05,0.000127375,8352,170,15234
N800,cim,800,20,13,1,0,42,918,0.00014225,1.6166e-05,0.000124042,8352,170,15234
N800,cim,800,20,13,1,0,42,919,0.00012825,1.425e-05,0.000112083,8352,170,15234
N800,cim,800,20,13,1,0,42,920,0.000128417,1.4292e-05,0.000112167,8352,170,15234
N800,cim,800,20,13,1,0,42,921,0.000128208,1.4167e-05,0.000112083,8352,170,15234
N800,cim,800,20,13,1,0,42,922,0.000128084,1.4333e-05,0.00011175,8352,170,15234
N800,cim,800,20,13,1,0,42,923,0.000128792,1.4208e-05,0.000112667,8352,170,15234
N800,cim,800,20,13,1,0,42,924,0.000128459,1.4208e-05,0.000112292,8352,170,15234
N800,cim,800,20,13,1,0,42,925,0.000128541,1.4417e-05,0.000112166,8352,170,15234
N800,cim,800,20,13,1,0,42,926,0.000128833,1.4292e-05,0.000112417,8352,170,15234
N800,cim,800,20,13,1,0,42,927,0.000128167,1.4208e-05,0.000112042,8352,170,15234
N800,cim,800,20,13,1,0,42,928,0.000128583,1.4292e-05,0.00011225,8352,170,15234
N800,cim,800,20,13,1,0,42,929,0.000127959,1.4167e-05,0.000111958,8352,170,15234
N800,cim,800,20,13,1,0,42,930,0.000128291,1.4167e-05,0.000112166,8352,170,15234
N800,cim,800,20,13,1,0,42,931,0.000128708,1.425e-05,0.0001125,8352,170,15234
N800,cim,800,20,13,1,0,42,932,0.000127791,1.4125e-05,0.000111708,8352,170,15234
N800,cim,800,20,13,1,0,42,933,0.000126875,1.4042e-05,0.000110917,8352,170,15234
N800,cim,800,20,13,1,0,42,934,0.000182833,2.0208e-05,0.000160333,8352,170,15234
N800,cim,800,20,13,1,0,42,935,0.000178417,1.5417e-05,0.000160208,8352,170,15234
N800,cim,800,20,13,1,0,42,936,0.000184917,2.0958e-05,0.000161792,8352,170,15234
N800,cim,800,20,13,1,0,42,937,0.000173583,1.6417e-05,0.000155209,8352,170,15234
N800,cim,800,20,13,1,0,42,938,0.000152166,1.4542e-05,0.000135666,8352,170,15234
N800,cim,800,20,13,1,0,42,939,0.000169584,1.4458e-05,0.00015325,8352,170,15234
N800,cim,800,20,13,1,0,42,940,0.000142542,1.4291e-05,0.000126334,8352,170,15234
N800,cim,800,20,13,1,0,42,941,0.000138417,1.4333e-05,0.000122208,8352,170,15234
N800,cim,800,20,13,1,0,42,942,0.000136208,1.4334e-05,0.000119959,8352,170,15234
N800,cim,800,20,13,1,0,42,943,0.000135167,1.4292e-05,0.000119,8352,170,15234
N800,cim,800,20,13,1,0,42,944,0.000137125,1.4334e-05,0.000120875,8352,170,15234
N800,cim,800,20,13,1,0,42,945,0.000146334,1.4333e-05,0.000130125,8352,170,15234
N800,cim,800,20,13,1,0,42,946,0.000133583,1.425e-05,0.000117459,8352,170,15234
N800,cim,800,20,13,1,0,42,947,0.000138083,1.425e-05,0.000121333,8352,170,15234
N800,cim,800,20,13,1,0,42,948,0.000146584,2.0209e-05,0.000124458,8352,170,15234
N800,cim,800,20,13,1,0,42,949,0.00013375,1.4417e-05,0.000117416,8352,170,15234
N800,cim,800,20,13,1,0,42,950,0.000133625,1.4375e-05,0.000117333,8352,170,15234
N800,cim,800,20,13,1,0,42,951,0.000133458,1.425e-05,0.000117292,8352,170,15234
N800,cim,800,20,13,1,0,42,952,0.000133417,1.4333e-05,0.00011725,8352,170,15234
N800,cim,800,20,13,1,0,42,953,0.000132916,1.4167e-05,0.000116917,8352,170,15234
N800,cim,800,20,13,1,0,42,954,0.000133166,1.425e-05,0.000117,8352,170,15234
N800,cim,800,20,13,1,0,42,955,0.000133166,1.4375e-05,0.000116917,8352,170,15234
N800,cim,800,20,13,1,0,42,956,0.000133334,1.425e-05,0.000117208,8352,170,15234
N800,cim,800,20,13,1,0,42,957,0.000132959,1.4333e-05,0.000116792,8352,170,15234
N800,cim,800,20,13,1,0,42,958,0.000133583,1.4292e-05,0.000117458,8352,170,15234
N800,cim,800,20,13,1,0,42,959,0.000132917,1.4375e-05,0.00011675,8352,170,15234
N800,cim,800,20,13,1,0,42,960,0.000133333,1.4375e-05,0.000117084,8352,170,15234
N800,cim,800,20,13,1,0,42,961,0.000133,1.425e-05,0.000116875,8352,170,15234
N800,cim,800,20,13,1,0,42,962,0.00013325,1.4292e-05,0.000117083,8352,170,15234
N800,cim,800,20,13,1,0,42,963,0.00013325,1.4417e-05,0.000116917,8352,170,15234
N800,cim,800,20,13,1,0,42,964,0.000133166,1.4292e-05,0.000117,8352,170,15234
N800,cim,800,20,13,1,0,42,965,0.000133584,1.4291e-05,0.000117333,8352,170,15234
N800,cim,800,20,13,1,0,42,966,0.000133792,1.4333e-05,0.000117583,8352,170,15234
N800,cim,800,20,13,1,0,42,967,0.000133333,1.4375e-05,0.000117042,8352,170,15234
N800,cim,800,20,13,1,0,42,968,0.000133208,1.4292e-05,0.000117,8352,170,15234
N800,cim,800,20,13,1,0,42,969,0.000133292,1.4166e-05,0.00011725,8352,170,15234
N800,cim,800,20,13,1,0,42,970,0.000133625,1.4334e-05,0.000117334,8352,170,15234
N800,cim,800,20,13,1,0,42,971,0.000133,1.4292e-05,0.000116833,8352,170,15234
N800,cim,800,20,13,1,0,42,972,0.000133208,1.425e-05,0.000117,8352,170,15234
N800,cim,800,20,13,1,0,42,973,0.000133375,1.4375e-05,0.000117084,8352,170,15234
N800,cim,800,20,13,1,0,42,974,0.000133375,1.4333e-05,0.000117167,8352,170,15234
N800,cim,800,20,13,1,0,42,975,0.000133083,1.4291e-05,0.000116959,8352,170,15234
N800,cim,800,20,13,1,0,42,976,0.000133292,1.4333e-05,0.000117041,8352,170,15234
N800,cim,800,20,13,1,0,42,977,0.000132834,1.425e-05,0.000116708,8352,170,15234
N800,cim,800,20,13,1,0,42,978,0.000133416,1.4333e-05,0.000117167,8352,170,15234
N800,cim,800,20,13,1,0,42,979,0.000133459,1.4333e-05,0.00011725,8352,170,15234
N800,cim,800,20,13,1,0,42,980,0.000133625,1.4333e-05,0.00011725,8352,170,15234
N800,cim,800,20,13,1,0,42,981,0.000133375,1.4459e-05,0.000117042,8352,170,15234
N800,cim,800,20,13,1,0,42,982,0.000133833,1.4375e-05,0.0001175,8352,170,15234
N800,cim,800,20,13,1,0,42,983,0.000133125,1.4333e-05,0.000116958,8352,170,15234
N800,cim,800,20,13,1,0,42,984,0.000133292,1.4458e-05,0.000116958,8352,170,15234
N800,cim,800,20,13,1,0,42,985,0.000132959,1.4333e-05,0.00011675,8352,170,15234
N800,cim,800,20,13,1,0,42,986,0.00013325,1.4375e-05,0.000117042,8352,170,15234
N800,cim,800,20,13,1,0,42,987,0.000133167,1.4291e-05,0.000116959,8352,170,15234
N800,cim,800,20,13,1,0,42,988,0.000133333,1.4375e-05,0.000117084,8352,170,15234
N800,cim,800,20,13,1,0,42,989,0.000133083,1.4292e-05,0.000116875,8352,170,15234
N800,cim,800,20,13,1,0,42,990,0.00013325,1.4333e-05,0.000117,8352,170,15234
N800,cim,800,20,13,1,0,42,991,0.000134375,1.4334e-05,0.000117709,8352,170,15234
N800,cim,800,20,13,1,0,42,992,0.000148417,1.4583e-05,0.000131875,8352,170,15234
N800,cim,800,20,13,1,0,42,993,0.000149417,1.4416e-05,0.000133125,8352,170,15234
N800,cim,800,20,13,1,0,42,994,0.000133209,1.4333e-05,0.000116916,8352,170,15234
N800,cim,800,20,13,1,0,42,995,0.000136458,1.4375e-05,0.000120209,8352,170,15234
N800,cim,800,20,13,1,0,42,996,0.000133833,1.4458e-05,0.0001175,8352,170,15234
N800,cim,800,20,13,1,0,42,997,0.000133041,1.4334e-05,0.000116834,8352,170,15234
N800,cim,800,20,13,1,0,42,998,0.0001335,1.4333e-05,0.000117334,8352,170,15234
N800,cim,800,20,13,1,0,42,999,0.000132916,1.425e-05,0.000116708,8352,170,15234
